,Average of BOLD response for cluster 0,Standard Deviation of BOLD response for cluster 0,Average of BOLD response for cluster 1,Standard Deviation of BOLD response for cluster 1,Average of BOLD response for cluster 2,Standard Deviation of BOLD response for cluster 2,Average of BOLD response for cluster 3,Standard Deviation of BOLD response for cluster 3,Average of BOLD response for cluster 4,Standard Deviation of BOLD response for cluster 4,Average of BOLD response for cluster 5,Standard Deviation of BOLD response for cluster 5
0,-0.00047733220254,0.000779384792928,-0.000462951309972,0.000379779883032,-0.000418527513554,0.000390210679507,-0.000334451706997,0.00081761481448,-6.2074272135e-05,0.000481286216343,-0.000566366199075,0.000512404527554
1,-0.00208652554595,0.000791620118321,-0.000801300195923,0.000387050483502,-0.00118811493381,0.000314490810504,-0.00206635923384,0.000797596158453,-0.000328064173829,0.000621063262259,-0.000971902752324,0.000402625894318
2,-0.00198381226751,0.000638720551563,-0.00156449505731,0.000487495991519,-0.00111406886476,0.000412723895442,-0.000973074274543,0.000921628221173,-0.000693405905741,0.000680955244671,-0.000303474784326,0.00065305965685
3,-0.00181469104475,0.000646713036267,-0.00153310287846,0.000375270796176,-0.0008350823821,0.000330381735897,-0.00214481516638,0.000662734299352,-0.000680333571906,0.000629168917728,-0.00103274706735,0.000520866387577
4,-0.00110739911578,0.000641320542048,-0.000908286161624,0.00041673593165,-0.000802667729761,0.000363085278063,-0.00118398502469,0.000860579476863,-0.0012212155068,0.000817578134023,-0.00112381130926,0.000623944580178
5,-0.00139025213488,0.000610742968378,-0.0002308094674,0.000431158292554,-0.000611756758452,0.000445838187736,-0.00170315770537,0.0007105131439,-0.00101420308147,0.000583125547982,-0.00120106190091,0.000495652638578
6,-8.89297114751e-05,0.00070972977384,-0.000276706900119,0.00053485800498,0.000239576100576,0.000474370213221,-0.00106870104036,0.000829133663608,-0.000124221642318,0.000705036283516,-0.000105158365098,0.000637403494723
7,0.000795383491468,0.000832664412957,0.000369977903737,0.000597575137953,0.000345505050083,0.000515787494668,2.16053132579e-05,0.000998430268329,0.000366218416272,0.00065065366401,0.000191660464786,0.000658598064721
8,0.00132005393316,0.000789644419049,0.00114923073648,0.000436893010257,0.000550586702171,0.000432912220326,0.000870122889171,0.000748593052621,0.000481978828041,0.000553707752816,0.00065058947511,0.000639411506949
9,-7.85785655587e-05,0.000849108560049,0.000484730318431,0.000544381541187,-2.01590652967e-05,0.000515624643519,8.38774482862e-05,0.000718516178818,0.000382284109998,0.000624229419214,0.000188904458345,0.000583732851262
10,-0.000457586822598,0.000749650065947,0.000898687035007,0.000399942783294,0.000567421254802,0.000467154995774,-0.000455366926847,0.000797103437285,0.000539211928367,0.000562570559303,0.000321758684307,0.000587446078215
11,0.00115514345373,0.000657639695752,0.000821734341451,0.000596452103339,0.000987196757901,0.000703182632392,0.000486105128604,0.00100475183637,0.000453673679856,0.000574143309686,0.000890533147848,0.000681783599429
12,0.00119691415624,0.000660164572817,0.000305963612735,0.000563167111452,0.000536851401695,0.00045122187751,0.000934061107446,0.00102704153596,0.000543688338367,0.00061579645852,0.000926492837651,0.00064759844295
13,0.00065159243785,0.000982472488633,0.000264305788034,0.000506509416924,0.000486515719781,0.00051069535133,0.00211549291403,0.00108193893185,-0.000378220681895,0.000777249446831,0.000262538495285,0.000757960856527
14,0.000395002926894,0.00103038360563,2.79054453257e-05,0.000614413415179,0.000445458156142,0.000556099488394,0.00111507290872,0.00104513880982,-0.000235447064568,0.000760980400376,0.000639637148041,0.000822017689829
15,0.000211906630105,0.000789653894786,-0.00034216168231,0.000607132965712,-0.000318759660612,0.000543288687393,-8.29298728159e-05,0.000889952625609,-0.000117245083299,0.000703054335942,0.000408854373188,0.000621802864504
16,-6.14945769056e-05,0.000631096898943,-0.000563961860405,0.000507223335828,-0.000580151466665,0.000516464136825,6.71839042645e-05,0.000644617758499,-0.000603031888429,0.000507212206349,-0.000542184129529,0.000525290227172
17,0.000507851876588,0.000594482471134,-1.22178008151e-05,0.000488811635605,0.000198597816096,0.000502810514776,0.000412015814873,0.000728999849121,0.000245632342204,0.000552626909723,3.71200022107e-05,0.000490678630419
18,-0.000313301264813,0.000655332802767,-0.000415744649711,0.000546116510456,-0.000252561601235,0.00054579947472,6.82135822002e-05,0.000827779398638,-0.000310068019205,0.000650316838168,-0.000166856954075,0.000537031210258
19,-0.001320720171,0.000803691967976,-0.000947478794161,0.00056966144052,-0.000904762184025,0.000610962963238,-0.00153789768825,0.000908971860473,-0.000860682897692,0.000577612783996,-0.00111526938936,0.000540550454885
20,-0.00092971700429,0.000536632455476,-0.000291821729064,0.000503350846529,-0.000116852866339,0.00044957611197,-0.000826901424496,0.000690457086534,0.00040353938121,0.00055748524311,-0.000267527269698,0.000575275428964
21,0.00209584279686,0.000798280296181,0.00129280612556,0.000550615638249,0.00162725498336,0.000538672153939,0.00185852402517,0.000919926573012,0.000958493629675,0.000525113171228,0.0013557688239,0.000656755014747
22,0.00476271167156,0.00103813284822,0.00307968123241,0.000666387145738,0.0034460031873,0.000627135274029,0.00561368114013,0.00115795762708,0.00278641352196,0.000780426537206,0.00366329176109,0.000697551348809
23,0.00288778313487,0.000745739112732,0.00234438174821,0.000474282872185,0.00159291647212,0.000464099916556,0.0030937020249,0.0008633548635,0.00201381539152,0.000643885721001,0.00166936155492,0.000549689646094
24,0.00198400640889,0.000729111104864,0.000864742226404,0.000421373301653,0.000110943361083,0.000443785586519,0.00152976891306,0.00081502854464,0.000984051289814,0.000682555872433,0.000287686370459,0.00058811195373
25,-0.000447431569456,0.000758603667704,-0.000187001130584,0.000484452923643,-0.000958754725608,0.00052462870466,-9.28865790947e-05,0.000982915660699,0.000458719030861,0.000712261948384,-0.000738146093015,0.000752545632225
26,-0.00159349043435,0.000822846711206,-0.000592786143218,0.000423972968033,-0.000941716800525,0.000477281437122,-0.00153727435123,0.000777674077025,-0.000609143147242,0.000486076287364,-0.00131687099915,0.000502900051141
27,-0.00107680032486,0.000728680115181,-0.000671311003883,0.000446520288574,-0.000916130736074,0.000516365175995,-0.00160662141615,0.000891513551683,-0.000743774356391,0.00062745236906,-0.00117458507587,0.000556513988589
28,-0.000422723353085,0.000699094856695,5.73115280908e-05,0.000436139194099,-0.000309105236928,0.000410046485012,-0.000929151003357,0.000793275556497,-0.000135325470781,0.000579492673598,0.000316498266021,0.000599713971448
29,0.000293715657144,0.00117434173545,0.000469925943426,0.000519373412621,0.000853510921366,0.000510396592153,-0.000639581368519,0.00102374308248,0.000511707186476,0.000647814962002,0.000668927436304,0.000804434156806
30,0.000647215663178,0.000820894762009,0.000409572544086,0.000492051876262,0.000459212859903,0.000533636633439,0.000860928252863,0.00105912242055,0.000616786629935,0.000990343561912,0.000757373160591,0.000894940226163
31,-0.000463671235144,0.000531551879291,0.000235446807533,0.000510784609848,-0.000132055949334,0.000434901551169,-0.00083526283244,0.000858018331747,0.000821993513209,0.000692544843311,-0.000110116180042,0.000613256071314
32,-0.000967648604132,0.000626724048563,-1.34296353021e-05,0.000482603429243,0.000143775411515,0.00053142686649,-0.000620018465486,0.000732686409396,-3.23087251575e-05,0.00054317504379,-2.77315127918e-05,0.000613498618643
33,-0.000665161233534,0.000804502079674,-0.000430541136589,0.000574588854119,-0.000134799784099,0.000482413792575,0.00019092491799,0.000720164510838,-0.000541505011046,0.000679286740549,-4.35943353562e-05,0.000685268422987
34,-0.000512593818693,0.000789007654286,-0.00056239772545,0.000782365660458,-0.000550584439227,0.00069613279534,3.75873105693e-05,0.000906193652218,-0.000837225504653,0.000771828319577,-0.000709564381928,0.000769997132561
35,-0.000230349096298,0.000947813884838,-0.000413824588506,0.000699447610144,-0.000496849355097,0.000799693607371,-0.000460635781396,0.000853112408957,-0.000767762384065,0.00103543176755,-0.000911813541612,0.000970187694218
36,-0.000483701111584,0.000866680069116,-0.000577879945207,0.000677737987211,-0.000167801004515,0.000699164359232,-9.69444820286e-05,0.00122630735963,-0.000996871153474,0.000860850840416,-0.000824303764092,0.00093680675183
37,0.000913953009336,0.000932709340626,0.000106592778723,0.000549404165892,0.000266437442325,0.000609458894691,0.00059623922212,0.001167618513,-0.000897284692163,0.000711411044137,-4.03287955321e-05,0.000785553574782
38,0.00122347883553,0.000710737338175,0.000276904340663,0.00046996223036,0.00042795956557,0.000596011375831,0.00127686213733,0.000722767626772,1.66978501509e-06,0.000581277815693,0.000433257751623,0.000660825533823
39,0.000277685650555,0.000681260515752,-5.67373944453e-05,0.000603287235535,-0.000228897908427,0.000560764890449,-0.000144657629444,0.000569960224905,-0.000835561367305,0.00054774623271,-0.000190026922346,0.000514125711385
40,-0.000210810283545,0.000747039692745,-0.000241469847624,0.000654016788351,-0.000239102204339,0.000641658795768,-0.000150862696701,0.000917616289642,-0.000790329955282,0.000754408163095,-0.000636596555288,0.000748648617457
41,0.000451183928545,0.000657167639623,0.00036769778773,0.00059235351377,0.000355815459334,0.000491050564541,-0.000568684797031,0.000808990463328,-0.000255486409132,0.000645299435519,3.29102630665e-05,0.000573102491497
42,0.000282714591047,0.000794880935761,4.69304183239e-05,0.000464316631769,0.000148722798475,0.000459180097722,0.000398562594834,0.000959369703575,-0.000515970052104,0.00057545367735,0.000152198629317,0.000468773606635
43,0.00329966873973,0.000738017918893,0.00157846125272,0.000509634631253,0.0020849138017,0.00060980108332,0.00388194998617,0.000712850025259,0.00143279238804,0.000520073210274,0.00225000714045,0.000566261821877
44,0.00424673330355,0.000672088817579,0.00220861119322,0.00046290907621,0.0020339171473,0.000561063056754,0.00438205156879,0.000882216336545,0.00103539355686,0.00052386690607,0.00169372153705,0.000538830425334
45,0.00335567087659,0.000682963777146,0.00141412854258,0.000410383067854,0.00085097660433,0.000442190399064,0.00320356636301,0.000767580778963,0.000695210641592,0.000487523541633,0.000591933518468,0.00057184361058
46,0.000571028858595,0.000826363492756,0.000334108918547,0.000351260897234,-0.000278633883866,0.000410682324445,0.000481024652937,0.000754423592649,-0.000367978422345,0.000539507116444,-0.00116466631596,0.000628498506587
47,-0.000322637126806,0.000805593059471,-0.000770094219029,0.000415776815906,-0.00133929453469,0.000404725497392,-0.00121363629923,0.000860382956328,-0.000759284016105,0.000424814351552,-0.00119849734745,0.0004389256226
48,-0.00207551056364,0.00064722528946,-0.00147343151443,0.000334477883289,-0.00197811522384,0.000331275370543,-0.00346096062645,0.000840065147779,-0.00141448336295,0.000405955934189,-0.00207599762767,0.000376935229276
49,-0.00196703197802,0.000997866837561,-0.000691213298553,0.000641039188468,-0.000715967835498,0.000526484199533,-0.00137944406463,0.00093129151348,-0.000559771683269,0.000516379969966,-0.000699068627487,0.000671279263647
50,-0.000604772839543,0.00114608787825,-0.000136790635265,0.000621820616347,0.000464677124374,0.000599475810357,-0.000632526943308,0.000870041382319,6.27095416803e-05,0.000441757291602,0.000562464969518,0.000597733962155
51,0.000215174386466,0.000780059239328,4.29864399535e-05,0.000347478472394,0.000516323884988,0.000353682162322,-0.000161275275994,0.000773868718846,0.000506944839358,0.000473386461947,0.000954821552545,0.000414508225109
52,0.000389230968126,0.000655780489614,0.000274582247609,0.000454011174357,0.000208799796093,0.000522795000521,0.00109899184111,0.000701107296491,-0.00039105331699,0.00057396789805,0.00068741450444,0.000634346057365
53,0.000367930726906,0.000765786452995,-0.00054550212067,0.000451704113496,-0.00023975614669,0.000565681947926,0.000130844482172,0.000711963163353,-3.01415962802e-05,0.00056006725017,-0.000132992953986,0.00060459133764
54,-0.000245496879402,0.00067718484445,-0.000355661855577,0.000522439316962,-0.000374656768395,0.000519077662508,0.00017316847325,0.000754817144951,0.000251426167143,0.000494538367296,0.000172100904101,0.00050975368782
55,0.000524537586555,0.000751816059017,0.000722647851473,0.000474190859008,0.000669808052687,0.000453104013848,0.000660012897034,0.000860653358705,0.000324051866595,0.000505108205379,0.00069578095846,0.000521600317005
56,0.00113142855944,0.000638112370844,0.000546918876756,0.000361470183603,0.000686042899814,0.000411937754101,0.000980850335697,0.00102300469273,0.0012059214305,0.000503036438783,0.00148758092513,0.000491745486441
57,0.00067888742641,0.000619333823503,-2.47962834636e-05,0.000447093782168,0.000260804298341,0.000477978961193,0.0002859450226,0.000803791829902,0.000572122994637,0.000541838751819,0.000444104169659,0.000513201751947
58,0.000390393946433,0.000593582380379,-0.000201518196263,0.000452492961294,2.19724453904e-05,0.000472314302602,0.000196586651254,0.00101195551752,-6.81031429299e-05,0.000429803690234,-7.98271262174e-05,0.000555078254836
59,-0.000282992383028,0.000573060383283,-0.000207405755796,0.000430988251306,-0.000172628530178,0.000457367885534,-0.000448982409191,0.000824310488553,0.000223989657065,0.000431831639568,-0.000178541553905,0.000463275365608
60,-0.00054057289667,0.000703411564583,-0.00017315006525,0.000470696726327,-8.83277232799e-05,0.000387448549085,-0.000772890593217,0.00066098869745,-0.000309972750524,0.000497976356327,-0.000127001081222,0.000443355859396
61,-0.00130980264097,0.000495529679681,-0.00143862771777,0.000423163333056,-0.00100258506414,0.000369711470992,-0.000934355270563,0.000521470773992,-0.000732755563516,0.000455657874689,-0.00067400945462,0.000470377433806
62,-0.00019654295913,0.000531337585169,-0.000511133080698,0.000483597675329,-0.000599920125285,0.000470521285818,-7.67059304967e-05,0.000778099596614,-0.000357821992389,0.000490526648303,-0.000481865262928,0.000535308506469
63,0.000824337270757,0.000727717898126,-0.000228160854774,0.000384885809759,5.91890562719e-06,0.000403214439568,0.000570836858287,0.000848796246805,-3.49504688443e-05,0.000645767346423,0.000164267762556,0.000521258062474
64,0.00244582052233,0.000965011777036,0.000944351942052,0.000560725396106,0.00140984190138,0.000495784784183,0.00295740802716,0.000954805559732,0.000620560460587,0.000628232646878,0.00176315718761,0.000658291865878
65,0.00378285566224,0.00126850952344,0.00249868559679,0.000641020437981,0.00327158675642,0.000673368261712,0.00487686810316,0.00127942350506,0.00253080288048,0.000700297449142,0.00294661324978,0.000817306498102
66,0.00328138763692,0.00146955463972,0.000717742235063,0.000891865018814,0.00106066589341,0.000625184104572,0.00377713689519,0.00152969059234,0.00154153895372,0.000834591364149,0.00151748915442,0.00100276032878
67,0.00016246864956,0.000776770077783,-0.000111467266865,0.000469904558356,-0.000491804751641,0.000439150073511,0.000221944644046,0.000782100180639,0.000161911035347,0.00064244127019,-0.00102552664461,0.000606190344764
68,-0.00031815028106,0.000705107808849,-0.00125783525362,0.000389581350095,-0.00124699255328,0.000349268143782,-0.00060521561922,0.000923165854906,-0.000828799389312,0.000644312969543,-0.000734725767558,0.000732897728145
69,-0.00172293561877,0.000626903179316,-0.00154757146084,0.000577105964265,-0.00172772721134,0.000594061018969,-0.00124896532511,0.000803262414391,-0.000884009139464,0.000656184699196,-0.00100188950888,0.000506855009282
70,-0.000975995067854,0.000829016532749,-0.000240948517052,0.000848245845973,-0.000786247718332,0.000596456668831,-0.0022191151775,0.00102561816537,-0.000715247706249,0.000664090031963,-0.00107383326697,0.000603162352785
71,-0.00142649406327,0.000825373838192,-3.580145509e-05,0.000679263788587,-0.000484566667955,0.000695280670635,-0.00184915016547,0.00107462860964,-0.000832607109414,0.000681337565882,-0.000763251145988,0.000756839640019
72,-0.000812542126369,0.000816958267231,-3.34756369612e-05,0.000484730522683,-0.000537269001874,0.000517821147286,-0.000882037108372,0.00106249918192,-0.000341426222984,0.000713509594806,-0.000481869411997,0.000625759847231
73,-0.000710461307093,0.00052789880554,-9.96792994323e-05,0.000521126037489,-0.000564859824176,0.000425315162765,-0.00116870636834,0.000674841128134,-0.000470266163976,0.000764959277531,-0.000628020777735,0.00057074528734
74,-0.00216021209337,0.00076633782885,-0.00126513460851,0.000512655751843,-0.0013239214459,0.000390822147643,-0.00265223889112,0.000549696623467,-0.00100389257252,0.000713469958984,-0.00105301247494,0.000533860928589
75,-0.00154387536205,0.000913519983643,-0.00114868791193,0.000457896128768,-0.00118170581498,0.000407700574095,-0.00195822808603,0.000978768631909,-0.000811973659568,0.000838821727588,-0.00101561955295,0.000664803951413
76,-0.00114049200892,0.000777978117866,-0.00036957299989,0.000466521826169,-0.00045162510822,0.000461793190531,-0.000737260095641,0.000909610488713,0.00012095751396,0.000903736238017,8.91279474316e-05,0.000654040056049
77,9.32223806288e-05,0.000700394291451,0.000486683267894,0.000498617731833,0.000223483940036,0.000510569226473,0.000384195673435,0.000722302477023,0.000944848385954,0.000864760474848,0.00097221597642,0.000729979916334
78,0.000912907677964,0.000718456019986,0.000486243327063,0.000506353586655,0.000266227578061,0.00050839968415,0.000419389705771,0.000595525342663,0.00015094762495,0.000747374314056,0.000708002980888,0.000514230307017
79,-0.00016947865233,0.000882874259058,0.000244030686325,0.000519909719092,0.000201120318237,0.000547473719491,0.000255069303942,0.00085974033687,5.81913580047e-05,0.000557861738864,1.73189050528e-05,0.000739074150181
80,0.000196942539754,0.000840716005492,0.000536037640475,0.000521161254407,0.000788930751516,0.000498090159155,0.000475528919521,0.000869796523756,0.000609268564201,0.000718462651019,0.000865644901977,0.000721887187728
81,-0.000784607249405,0.000614891826418,0.00023724822919,0.000663497954879,-0.000127588844251,0.000524645760672,-0.00203661186322,0.00159112721415,-0.000711074893389,0.000513730167547,-0.000139598381794,0.000520447901682
82,-0.00153956293357,0.00123258594165,-0.00123063852755,0.000574639836157,-0.000961646279387,0.000644816954681,-0.00178899203687,0.0019582664965,-0.0019454258461,0.00159512410086,-0.00210387555723,0.00165167087127
83,-0.000692154424609,0.00117248366605,-0.000201842342864,0.000492045720069,-5.67864594777e-05,0.000579496332625,0.000253166818807,0.000960447659173,0.000272831362743,0.000706594521996,-2.23727124004e-05,0.00080752270712
84,0.000144389269441,0.00111070662368,0.000252846810639,0.000663796434386,0.000803138583609,0.000687320380968,-0.00030259484511,0.00113447019222,0.000663861657978,0.000950312208646,0.000813077578677,0.000933273572541
85,0.00169784779045,0.00118530659989,0.00104443710937,0.000479937296771,0.00148782115731,0.000447561684406,0.00197718262855,0.00155603458842,0.000752684530449,0.000722729745492,0.00121069110527,0.000818214253557
86,0.00291810366144,0.00110696143475,0.00193117756822,0.000578816720737,0.00147961167232,0.000501691480295,0.00301126098575,0.00124334325453,0.00120252627533,0.000767963496159,0.00152696011075,0.000869219707746
87,0.00311176946827,0.00120394772428,0.00159629925536,0.000532374295699,0.00155364459774,0.000632480111005,0.00361832577853,0.00105150463053,0.00110240467673,0.00070366635321,0.00189249038354,0.000815820596065
88,0.000318939136183,0.0013221059315,0.000673272393045,0.000590753566578,0.000251929601775,0.000551034757231,0.000972687411856,0.0013099798765,0.000563900393557,0.000815089835162,-0.000467850427077,0.000880637404214
89,-0.000769671171771,0.000972875769255,-5.12991412047e-05,0.000520263168969,-0.000553670973277,0.000534453350325,-0.000460987926823,0.00104625014037,0.000104000940665,0.000740286194599,-0.00102691386095,0.000844557690323
90,-0.000821145930308,0.000930539374739,-8.85810550886e-05,0.000634420987176,-0.000240883885155,0.000503128353041,-0.00127031538627,0.000763534130683,2.31892341381e-05,0.000724261679895,-0.000822121433112,0.000726056465746
91,-6.98041085866e-05,0.000707002976072,-0.000574011228727,0.000333534198964,-0.000151471472752,0.000311133247001,-0.000766786214439,0.000953562733652,-0.00101299653049,0.000407315844007,-0.000588826550096,0.000608175563103
92,-0.00059242834976,0.000783838123604,-0.00120975859412,0.000462017707198,-0.000593034334556,0.000441212960318,-0.000836911445055,0.000874936696994,-0.000960536987067,0.000652515019627,-0.000688970847647,0.000554675752034
93,-0.00110638898134,0.000762796419272,-0.000749137274105,0.000550327231966,-0.000652397599681,0.000458550448249,-0.00134230673421,0.000829880689409,-0.0015679018337,0.000610058608734,-0.000964533792581,0.000586655968697
94,-0.00125776871903,0.000841140962431,-6.24366120532e-05,0.000554345876261,-0.000219110238428,0.000549593655524,-0.000845906244782,0.000906453788749,-0.00110246826323,0.000607269860462,-0.00101954903756,0.000601832586993
95,-0.00162883252254,0.000623273709246,-0.000406056332588,0.000510451391606,-0.000328180732811,0.000510460247518,-0.000963019106445,0.000773903586645,-0.00102370259258,0.000554161984165,-0.000590617628223,0.000623714207076
96,-0.00171236190149,0.000605096215811,-0.000887155615803,0.000423809248311,-0.000701350435821,0.00039584200541,-0.0009486756493,0.000340231120976,-0.000701781332438,0.000543121043869,-0.000763864691197,0.000447934532115
97,-0.00104623674236,0.000600077136735,-0.000844717434696,0.000507806648433,-0.000912464498918,0.000338370782248,-0.000378854928995,0.000607707902614,-0.000613781931373,0.000626765509914,-0.000550523203218,0.000458488813855
98,-0.00038524335037,0.000755694081297,-0.00057753454442,0.000432212469586,-0.000471055655298,0.000324763932361,0.000243255263124,0.000581804782219,-0.000654141432372,0.000624735140226,-0.000187907992119,0.000438155206353
99,-0.000759619839652,0.000620426677193,-0.000513714334602,0.000466256439173,-0.000718743792644,0.000329884690943,-0.000183371785716,0.000658172292607,-0.00100170239859,0.000570497111413,-0.000441670689359,0.000488580146044
100,-0.00130595597587,0.000650510763764,-0.00125150969293,0.000563080180803,-0.000627808079863,0.000379749843008,-0.00061473016255,0.000527885165937,-0.00104693273976,0.000577434671189,-0.000618818314676,0.000389149593259
101,-0.0013623307102,0.000571859429777,-0.000665699662813,0.000537659363901,-0.0007799145641,0.000394233957418,-0.000570272211557,0.00069355845959,-0.000858580703726,0.000644969058905,-0.000728998474592,0.000439349384271
102,-0.000272262144559,0.00056884460551,-0.000897344474264,0.000569149760185,-0.00117199001352,0.000456264165106,0.000131561495231,0.000639343531705,-0.000868699234208,0.0006386657021,-0.000423991116709,0.000443349473009
103,-0.000329010734721,0.000734698940423,-0.000711973665408,0.00058102930168,-0.000799642887694,0.000430285748359,-3.32572937315e-05,0.00071623758472,-0.00142202020268,0.000573116953096,-0.000361540986049,0.000422420090103
104,-0.000403216929115,0.000758890516086,-0.0004529661116,0.000415493176994,-0.000515925842889,0.000424949435123,0.000339845835446,0.000778234904138,-0.000518351485631,0.000584569483842,0.00040295394576,0.000615874669385
105,6.94588952646e-05,0.000599484822512,-0.000421803598968,0.000484566405579,-0.000238472198548,0.000437728261077,0.000103903005368,0.00071664824531,-0.000982600433535,0.000706087366019,-0.000102457073771,0.000629560111724
106,0.00241617997576,0.000610647445576,0.000790626686461,0.000652269108315,0.00175082583244,0.00056466025746,0.00196864943582,0.000847871271056,0.00037500688451,0.000680007233443,0.00147571477982,0.000606237310579
107,0.00243146827672,0.00100967118143,0.00156255829968,0.000633880079548,0.00182788160046,0.000637988161241,0.00223699200907,0.00104318782082,0.000748274378646,0.000731294649212,0.00160825792892,0.000671834237831
108,4.71011992717e-05,0.000848809883644,-0.000205384082181,0.000492582956955,-0.00053684036968,0.000424025717063,-0.000160844429412,0.000885585776473,-0.000454404267571,0.000545654322929,-0.000501371582949,0.000599575934555
109,-0.00130665855301,0.000802821361438,-0.000669227305773,0.000565644615018,-0.00145488502481,0.000477412842833,-0.000308668499592,0.000846261053544,-0.00161593398632,0.000684453571312,-0.00137165275518,0.000482841865741
110,-0.00129663641665,0.00064478043898,-0.000930184709169,0.000551280061614,-0.00097827193405,0.000425684276942,-0.00104364327101,0.000650329068091,-0.00128737119117,0.000601182659938,-0.00106093310855,0.000441725036219
111,-0.00224180581933,0.000650545789656,-0.00151430836108,0.000576218227278,-0.00134186296901,0.00037094580465,-0.00173079126816,0.000666943456708,-0.00144180155224,0.000555135506629,-0.00129144009059,0.000482036885757
112,-0.00172133748452,0.000842561478148,-0.00105412938434,0.000468429056767,-0.000822450417367,0.000364825446674,-0.00153215343781,0.000949829822914,-0.000465958333253,0.0005560764033,-0.00105869336511,0.000462181233905
113,-0.000486466090788,0.000688933635396,0.00105953927437,0.000879986045561,0.000927776268694,0.000548774146328,-0.00161398324078,0.00091908344018,0.00108735164068,0.000615844855267,0.000322809770333,0.00060829111721
114,7.83876151028e-05,0.000569160576986,0.00105784545914,0.000711042497496,0.00126152670763,0.000693585155617,-0.000947346038104,0.000741740538517,0.000415443289385,0.000652741869651,0.000811381771581,0.000626470297988
115,-0.000574321956478,0.000534314374294,0.000640710858288,0.000693458637393,0.000327001660789,0.000631588150769,-0.00108674702838,0.000702966100411,0.000134038663754,0.000695251411218,0.000286981956721,0.000546050265964
116,0.000411090200966,0.000717119938271,0.000901757373228,0.000490326269714,0.000612307113155,0.000349434918339,-0.000469930306235,0.000957102064133,0.000651350890053,0.000545996389451,0.000435876075839,0.000494797502586
117,0.000245707712219,0.000546289348018,0.000636315738809,0.000442638421306,0.000625987430746,0.00051191553383,-0.000537703048209,0.000761038862581,0.00105625503931,0.000602854196807,0.000292421530924,0.000541376290229
118,0.000150473082847,0.000640410911978,0.00031614333731,0.000504043257009,0.000338546351349,0.000345350799444,-0.000494311597269,0.000926519057248,0.000353323393302,0.000697008884915,0.000205630475199,0.00044562780564
119,-0.000134712634322,0.000718174460344,0.000208273315625,0.000516133728154,0.000306976374192,0.00049288703938,-0.000903023483476,0.000817560585959,0.000230041429906,0.000680015679324,0.000375446741561,0.000747976206597
120,-6.42433208806e-05,0.000755811150351,0.000165669291283,0.000576791439583,0.000600934301848,0.00046907718808,0.000475724687446,0.00078050827568,0.000841926018447,0.000460641497175,0.000272188659943,0.000434339995336
121,3.99888561018e-05,0.000420770927193,0.000293722029378,0.000561283873373,0.000475747507326,0.000407286254757,9.30235359123e-05,0.000621049367497,0.000764943498443,0.000562077853174,0.000312141039123,0.000446833775866
122,0.00110109791865,0.00065421926777,0.0005579128808,0.000609806505234,0.000385632840015,0.000432354777553,-0.000336044568082,0.000702687415159,-0.000454911885195,0.000697797577365,-0.00023561942922,0.000543278671231
123,0.000498809012165,0.000559131292858,0.00122106436706,0.000374118961523,0.000578308484267,0.000352209647445,-9.75749380315e-05,0.000810541793031,0.000687493761584,0.000598092180511,-3.07018345899e-06,0.000374861979061
124,-0.00128349954549,0.000600716235733,-0.000325121746136,0.000444293884129,-0.000585086971139,0.000418644372116,-0.00130502183588,0.000604234304956,-0.000478884918253,0.000610919136211,-0.000576328566175,0.000441835092067
125,-0.000871703581196,0.000705850595048,-0.000567021752839,0.000515329332587,-9.24914490098e-05,0.00052989444408,-0.00113455833679,0.00071025691189,-0.000660039869826,0.000637081145161,-0.000955387260983,0.000572799893818
126,-0.000281196783781,0.00069948690884,-0.000170042328026,0.00050359997938,-3.09772182072e-05,0.000514717434417,-0.000207742134311,0.000841738865256,6.13830974038e-05,0.000651569732745,-7.80756852246e-05,0.000634105789933
127,0.0005110910516,0.000604266540097,0.000651076297738,0.000529056146358,-0.000103490868366,0.000452121794218,-0.000132241217856,0.000611944753929,4.00890688213e-05,0.000693649930697,-6.07085010292e-05,0.000516137752379
128,0.00213581539265,0.000796632376233,0.00162337670501,0.000640126212911,0.00135593077633,0.000457667840094,0.00142312463223,0.000945889722308,0.00107884406219,0.000707013729137,0.000446246310021,0.000510301134522
129,0.0025694745359,0.000808288279395,0.00210498020652,0.00056772105486,0.00186345916876,0.00044112108507,0.00267768433735,0.00090356014357,0.00152861246412,0.000777942129108,0.00122664011481,0.000515934098875
130,0.00378674273756,0.000827793816713,0.00248902345616,0.000590222379186,0.00260253099138,0.000363465200743,0.00262173854743,0.000610589663945,0.00267730637261,0.000559765747321,0.00222577822849,0.000436041576383
131,0.00181336394069,0.000534889774457,0.00126640880279,0.000354883913871,0.000914272664393,0.000315861912169,0.00122986406249,0.000584564890028,0.00122923298951,0.000592415046388,0.000182234918694,0.000329719399987
132,-0.000240559666096,0.000651857880177,-0.000753924410176,0.000478100210962,-0.00117299660113,0.000486005623521,-6.56709538179e-05,0.000701241945488,-0.000122123787507,0.000448873667849,-0.00131962112309,0.000449312674135
133,-0.000722940745284,0.00068920782736,-0.000220870673685,0.000605673202292,-0.000718459607156,0.00054588952249,-0.000517746312437,0.000739854651324,0.000165596215223,0.000667490825121,-0.00103428623438,0.000684874207433
134,-0.000915625271733,0.000526631763971,-0.000367382653801,0.000389608886577,-0.000623869256337,0.000343078915606,-0.00140361741713,0.000619847011872,0.000388173806053,0.000603410128655,-0.000375361368417,0.000443820924362
135,-0.000958289700296,0.000572339421414,0.000278962266441,0.000529913505687,-6.56479092014e-05,0.000323037737332,-0.00129884075157,0.000466900884536,-0.000143374828997,0.000289872645695,-0.000702246613483,0.000378006861791
136,-0.00102849627257,0.000581666313188,5.63357009221e-05,0.000792240363597,-0.000183742639428,0.000437676906712,-0.00207384670756,0.00127629520243,8.51583044682e-05,0.000488460495868,-0.000312001225191,0.000385704398243
137,-0.00115994849927,0.000649715453489,-0.000218065942115,0.000769572187961,-0.000529103885963,0.000539729295112,-0.00190998223099,0.000825805938818,0.000205974650021,0.000527421115647,0.000331223845444,0.000594721548656
138,-0.000471946234779,0.000512149635347,0.000515568330349,0.000650035141788,0.000159144975446,0.000375720354507,-0.00264119531745,0.000808189259217,0.000267138774342,0.000514858812268,-0.000438477809517,0.000438355236037
139,-0.000318685887175,0.000457490368271,0.00105185887521,0.00041316918712,0.000649090015986,0.000400660630335,-0.000986096404691,0.000864924365977,0.000769148003172,0.000493826053274,0.000171464222753,0.000420435781248
140,-0.000394431977136,0.00045493027732,-0.000343225094166,0.000436238629559,7.45306585593e-05,0.000396436070815,-0.000151442122158,0.000720459076456,0.00051337305517,0.000505989688396,4.07830971365e-05,0.000535516668133
141,-0.000758507391445,0.000646820360786,-0.000143842055752,0.000501697423024,-0.000387030644446,0.000380635346283,-0.00105534009306,0.000653733271886,-0.000314888809645,0.000575030091687,-0.000321760781431,0.000517080246646
142,-0.0005673807746,0.000637565890333,0.000376905661129,0.00058709246417,0.000203236906164,0.000439096095892,-0.000741780238098,0.000974003275001,9.18878265346e-05,0.00047206431549,-8.35310459301e-05,0.000475981681687
143,-0.000285597047212,0.000610948831419,0.000600754454028,0.00033423279071,0.000399814527886,0.000334435001662,-0.000729654479778,0.000610807736206,0.000157087832436,0.00054243803811,7.38636701926e-06,0.000516644748118
144,-0.000143409226763,0.000668093793804,0.000722113643888,0.00040063822785,0.000144341539111,0.000349981895288,0.000128406798082,0.000703302302999,-0.000225531120531,0.000498589687107,-0.00050219016963,0.000412763907652
145,-7.25704090226e-05,0.000717287827343,0.000268954867825,0.000497319118792,6.48895964103e-05,0.000442754679814,-0.000350528595419,0.000727287286321,-7.08107060897e-05,0.000472609039657,-0.000410515861618,0.000517418716054
146,0.00102696746866,0.000717683982144,0.000786225168966,0.000495781648371,0.000351561524784,0.000483516823391,0.000711831003576,0.000921874248735,0.000819230231958,0.00057762377915,0.000381807742296,0.000594118695429
147,-0.000298944485947,0.000606857076757,-0.000466311700436,0.000510807267148,-0.000691337408842,0.000573274237546,0.000455205195352,0.000526332653565,0.000108815137025,0.000363447496567,-0.000213954931622,0.000519965961907
148,0.000178163352266,0.000637179043448,-0.000372558259481,0.000526704176636,-0.000458941507414,0.000566927402463,-0.000572509080009,0.000844878227764,-0.000357221925021,0.000480849104564,-0.000539282011812,0.000568942719798
149,0.000966508025442,0.00074411444575,-9.22095429887e-05,0.000403491555666,-0.000216472512342,0.000529481691841,0.000817226781379,0.000705638818761,-0.000153503058456,0.000568501994033,-0.000129699433291,0.000697966561829
150,0.00303256708198,0.00070155493495,0.00157359361915,0.000573170816999,0.00187372202152,0.000485811720484,0.00319793001157,0.000844755915757,0.0010843591161,0.000670407053858,0.00160980686697,0.000619154255496
151,0.00445013220087,0.000922484632363,0.00214540235745,0.000741388804973,0.00241750904819,0.000639991759012,0.00465989484047,0.00120995835245,0.00121036700732,0.000608639134983,0.00221416234934,0.000589895062065
152,0.00164152877759,0.000801981861433,0.000785003719428,0.0005546561723,0.000643417238179,0.000468188687037,0.000202430100355,0.00087607676691,0.000339898992964,0.000473248485694,0.000322426660281,0.000494434386651
153,0.000214183408675,0.000476204287419,-0.000186371094244,0.000455902839667,-0.000468841880189,0.000454666987521,-0.000811679164069,0.000799040057896,-5.7894796057e-05,0.00049020758172,-0.000560387846106,0.000413889351721
154,-0.00101844000047,0.000628802947901,-0.000471657830634,0.00059528164076,-0.00058572195735,0.00053948598304,-0.00108389956967,0.000929465202718,-0.00105968211518,0.000529620632219,-0.00106889285621,0.000563886304372
155,-0.000860344865389,0.000601236734011,-0.00147370863205,0.000519420402081,-0.00104964359346,0.000398939245444,-0.00162759808003,0.000785399016394,-0.000523521198191,0.000459242631006,-0.00084054924077,0.00047904562945
156,-0.00130140435413,0.000576799461528,-0.00116283563698,0.000407604170599,-0.000972383329435,0.000366842267126,-0.00175595673557,0.000971490714043,-0.000690445786917,0.000539906972041,-0.000924587017776,0.000432592670533
157,-0.00147084782402,0.000729671258133,-0.000713491665169,0.000435004670454,-0.000447726849878,0.000421960134337,-0.0015177177457,0.000944335021669,0.00025986864182,0.000511678006985,-0.000113688899783,0.000487050148847
158,-0.00110175831958,0.000661422306346,0.00040958022024,0.000388299880397,0.000200174286963,0.000357824987683,-0.000833169627643,0.00082316409056,0.000568681832498,0.000401500648525,0.000670123202358,0.000448436712443
159,0.000234432655194,0.0005205040625,-0.000286792745711,0.000472004147677,0.000192794051653,0.000395762421485,0.000110018133197,0.000561579016486,0.000612084746995,0.000558213148972,0.00055258179613,0.00043339492486
160,-0.000648821824741,0.00071290111558,-0.000202203427462,0.000517580968835,-0.000213742603478,0.000439539643566,-0.000356521371269,0.000711517843268,-0.000433871453495,0.000344004671431,-0.000231059882445,0.000424975294761
161,-0.000168662012866,0.000606069172255,0.000166824572908,0.000388689159913,0.000199538902244,0.000368563903728,-0.00116080050091,0.000683472494862,0.000340096524349,0.000548806932729,7.3553705834e-05,0.000427020120913
162,0.000513901986732,0.000611683999605,0.000670056144137,0.000358375911421,0.000551039477636,0.000376989069378,0.000176946892733,0.000527274625873,0.000754289131741,0.000479646357454,0.000572450865498,0.000380229673941
163,-0.000237229751191,0.000707182184234,-0.000177292497958,0.00054000914897,-0.000106628229292,0.000431716272305,-0.000853761532738,0.000579439806309,0.000513338790622,0.000450465482885,-1.98910211198e-05,0.000453848630517
164,8.40239387159e-05,0.000680919226785,-0.000101410196555,0.000474816321097,-8.0166947207e-05,0.000345546989616,-0.000148480186106,0.000604235921626,-0.000106199249296,0.000606623840785,0.000654070128331,0.000648556472718
165,-8.35493222498e-05,0.000559726687421,-0.000558956363999,0.000538685500656,-0.000226193172807,0.000406137274839,0.00108349210327,0.000773673289445,0.00066716117734,0.000640501872122,0.000460781634633,0.000573052209113
166,-0.000765241524014,0.000657986539975,-0.000313264632188,0.00043161877789,-0.000454168076474,0.000461343826285,-0.000629126697233,0.00071626986852,0.00016924564011,0.000451233469098,-0.000502968958793,0.00044587652383
167,-0.000202131925688,0.000615268148118,0.000113391343107,0.00051899427138,-0.000100840036007,0.000433716570283,-0.000155611761691,0.000787923337479,-0.000392756709594,0.000771640509019,-0.000134203923165,0.000632156856777
168,-0.00031887929992,0.000615746561623,-0.000216069384949,0.00038508331543,-0.000313670301723,0.000331140042294,-9.16013106577e-05,0.000776691001812,0.000461869931491,0.000653714987263,0.000312779702494,0.000474916201482
169,-0.00139156106098,0.000539265298352,-0.00111405690677,0.000386687285716,-0.000746921521316,0.000342394739389,-0.000636094448417,0.000775779321528,0.0001060522429,0.000448296458619,-0.000101177739784,0.00035659685834
170,-0.00112749401041,0.0010597029356,-0.00104798114407,0.000481080786467,-0.000572832408668,0.000425744579987,-0.000478646345919,0.000727146290297,-0.000685381357032,0.000472222435317,-0.000250872616168,0.000549687956553
171,-0.000372814731154,0.000718295504601,-0.000931119176403,0.000487152674057,-0.000341931706267,0.000465924435196,-8.68255850882e-05,0.000774595258535,0.000648964958499,0.000424891133286,0.000322001686117,0.000464785294934
172,0.00179602100359,0.000767315002982,0.000735470104801,0.000522056985353,0.00107551932868,0.000374015072013,0.00122344180255,0.000828778134449,0.00103856577495,0.000516128499232,0.000804792797092,0.000457049624456
173,0.00275190910564,0.000907202844644,0.00202434359232,0.000609947773972,0.00199667191806,0.000566601390694,0.00198117906411,0.0011694497042,0.000292928998058,0.000849531686599,0.000819235439694,0.000791547687785
174,0.0017831960934,0.000794903030065,0.0013686902483,0.000523191764979,0.00146698156369,0.000558238852473,0.00159521538062,0.000988365569006,0.000784765309767,0.000631552488521,0.000574868671974,0.000756100764836
175,0.00161730712973,0.00080512398274,0.000448049135903,0.000473943162194,0.000356068158029,0.000557704051281,0.00171322814768,0.000975795877521,0.000693765237866,0.0005252239796,0.000469038342174,0.000729360739866
176,-0.000803201675819,0.000788862806691,-0.000522756291343,0.000537817519611,-0.00099528746211,0.000558264168491,4.05318517776e-05,0.000891598040146,-0.000649914601482,0.000559109823519,-0.00122731248571,0.000664062015895
177,-0.0022248605732,0.000525997624216,-0.00155960266255,0.000496901710303,-0.0016441861866,0.000403246690368,-0.00138893799983,0.000763413044453,-0.000707110805291,0.000478544712512,-0.00162736161748,0.000558723552438
178,-0.000752029497358,0.000564190058628,-0.00144080012075,0.000514743827428,-0.000736456326492,0.00048346795518,-0.00124908746243,0.000582281481601,-0.00120834109253,0.000408308945361,-0.00106501741801,0.000563439676124
179,-0.00130813438136,0.000714832115634,-0.000992137584843,0.000661016197984,-0.000806250771623,0.000589084650492,-0.000833071653336,0.000672475113612,-0.00153424280967,0.000540464618487,-0.00130387037155,0.000664785480297
180,-0.0015397834718,0.000562445449393,-0.00144368856214,0.000509818254908,-0.00108076123295,0.000376691008313,-0.00145947173456,0.000876955060383,-0.00156791347905,0.000683704739381,-0.00122797680563,0.000494233102978
181,-0.00101470576317,0.00064136598694,-0.00074342742224,0.000362761402843,-0.000252229173417,0.000469625136445,-0.000903372519824,0.00063581867668,-0.000721244841313,0.000476733380662,-0.000142768798355,0.000530589809048
182,-0.00171120473026,0.0010926324457,4.95535132496e-05,0.00061802446718,-0.000427000637483,0.00043457718162,-0.00059752819238,0.00101287111983,-0.000204534795487,0.000765985966824,-0.000446300246371,0.000746292409743
183,-0.00135393006858,0.00104801725281,-0.000192894378121,0.000680580431946,-0.000700585614796,0.000495995646121,-0.00101682033742,0.000983846635878,0.000391882270227,0.00047967508383,-0.000136573535659,0.000581558418919
184,-0.00128846303845,0.000728693128683,-9.55514838568e-05,0.000574055023279,-0.000519486111491,0.000555283841994,-0.00111264311792,0.000752875207636,0.00025388153493,0.000628118747779,-0.000182927359582,0.000620593055986
185,-0.00102945387264,0.00065147790196,-0.000720568709358,0.000691323159989,-0.000703599661897,0.000633215810669,-0.000775343432193,0.000766467820749,-0.000788560364107,0.000566317933991,-0.000963947407405,0.000667290621516
186,-0.00143882289466,0.000633475115872,-0.00112923319048,0.000555226739043,-0.00121698792097,0.000382152471774,-0.00149997807206,0.000905683774348,-0.00123694643507,0.000505873438572,-0.00142234411978,0.000565610660668
187,9.1178494357e-05,0.000613621375514,-0.000361160456706,0.000491581479331,-0.000559650011219,0.00039858865038,-6.48850823653e-05,0.000750070803283,-0.00072562797141,0.000571017909094,-0.000308189027099,0.000594597758592
188,-0.000271300147568,0.000967036421884,-5.49062099108e-05,0.000628310637891,-0.000179051452268,0.000600767020458,-0.00085481297574,0.000856520992049,-0.00059236336253,0.000556080243495,-0.000182049238466,0.000579700408175
189,0.000376656473637,0.000635514543027,-0.000507319170709,0.000577190817249,-2.99831166905e-05,0.000485271912374,0.000450022290145,0.000910480429585,6.54747407006e-05,0.000520792021945,-9.27535223094e-05,0.000416447062218
190,0.000775481803603,0.000726617178581,0.000378989532167,0.000499785949466,0.000437117351357,0.000376570365152,0.000488238811,0.00076540234143,-0.000368692827629,0.000408241400958,3.17490854486e-05,0.00041552831675
191,-0.000630217063715,0.000619717632129,-0.000358155236815,0.000470311798863,0.000129887670527,0.000268022071457,-0.00104084182062,0.000844691106108,-0.000678986198611,0.000577227857043,-0.000582425491487,0.000559228290159
192,-0.000379742761732,0.000491132594106,0.000315166223376,0.000625635509122,0.000334757323738,0.000463136701105,-0.00065955939882,0.000690837206067,-0.000363332809644,0.000558630804406,-0.000139566420082,0.000529040576087
193,0.000641728717358,0.000780104010439,0.000586646522618,0.000640961414364,0.000482539395251,0.000576116750573,0.000969799126313,0.000787210045831,0.000989901411758,0.0007373722932,0.000625625985692,0.000619364081396
194,0.000735059238617,0.000790030587655,0.000705432612962,0.000603356468719,0.000788658128415,0.000516397476737,0.00126818767067,0.000818693889201,0.000341974453059,0.000425645155349,0.00107722790244,0.000621478896139
195,0.00235766581468,0.00122688802475,0.00117318926818,0.000461982381373,0.00139626513323,0.00052832263002,0.00374540424492,0.00135437173446,0.00025911258739,0.000796273403668,0.00165694897443,0.000759993267217
196,0.00492166591656,0.000977275610479,0.00324416267597,0.000683524347918,0.00304242010097,0.000646572418559,0.00548387629054,0.000773942045215,0.00148224984543,0.000681562555959,0.00287123681198,0.000623468797424
197,0.00364224419535,0.000728361222854,0.00233427404636,0.000674293705368,0.00197429901722,0.000504349526753,0.00362653213231,0.000756920542883,0.00176712589455,0.000710806412141,0.00236946609369,0.000600159420806
198,0.00164222949282,0.000793745894569,0.00105535065934,0.000452912300989,0.000764492497582,0.000407694420872,0.00269381453024,0.000999618346682,0.00109721216116,0.000601709007323,0.000692915725881,0.000550280622746
199,-0.000276278675935,0.000704919050851,-4.28024837543e-05,0.000642991993659,-0.000997824504486,0.000496358452315,0.000333404762952,0.000833290163008,-0.000505435961814,0.000519983711517,-0.00117463147131,0.000528454990519
200,-0.00120177717684,0.000723633646485,-0.000636540820328,0.000759477436072,-0.00113670363362,0.000599437009088,-0.000895774585174,0.000794770989323,-0.000968039104136,0.000368699875091,-0.00148319280209,0.000423872730807
201,-0.00142947611074,0.000627866775338,-0.00101576328193,0.000486339942254,-0.000734146756749,0.000420869364,-0.00131090499053,0.000806363472671,-0.000898116423742,0.000569581380786,-0.00150918296604,0.000501399977852
202,-0.000684595301883,0.000662436142665,-0.000654986378532,0.0005747776344,-0.000377891393447,0.0004890390853,-0.00110888491764,0.000798978057424,1.74964685727e-05,0.000649990676746,6.08112262415e-06,0.000533078428625
203,-0.000800433481604,0.000583682165514,-0.0012275236886,0.000654820839536,-0.000755350487706,0.000527471224156,-0.000944311928087,0.000729984904835,-0.000401069882722,0.000491057225419,-0.00066496004242,0.000451320309304
204,-0.000216119448368,0.000724090027657,-0.000781229966957,0.000588962258738,-0.000666167643495,0.000496280394762,-6.67422986512e-05,0.000707726518703,-0.000351799797435,0.000618697473123,-0.000330322258789,0.000634703723802
205,0.000439960545225,0.000837708895919,6.83675737578e-05,0.000581353587514,-0.000180802729033,0.000524421188084,3.15771739273e-05,0.000759843344709,5.54971498077e-05,0.000440070173667,9.4786865924e-05,0.000524306990167
206,0.000955863255931,0.000699434847535,6.967492935e-05,0.000557441782635,8.67697714762e-05,0.00056396697822,0.000845108289852,0.000929940194995,-0.00032780543399,0.000467902249573,-0.000101420609857,0.000550715840365
207,-6.0501000274e-05,0.000494035981249,-0.00074689152486,0.000337014197505,-0.000822863328717,0.000252531404039,0.000530866889873,0.000611472823938,-0.000211147766373,0.000470008524794,-0.000239568263958,0.000374287002144
208,4.38294042763e-06,0.000425024737573,-0.000789761524599,0.000460610340142,-0.000677310612631,0.000394864700508,0.000698147154192,0.00079618842928,0.000396143030059,0.000420495304192,8.43848562598e-05,0.000460492218034
209,1.12028870219e-05,0.000683205332365,-0.000109434627863,0.000464592601662,-0.000214344998986,0.000314886195347,0.000570829985063,0.000815771692493,0.000722943136488,0.000576050871392,0.000646893343749,0.000500620765578
210,-3.64975916048e-05,0.000598340807476,7.79653302316e-05,0.000540197049669,0.00024299410754,0.000476422674945,0.000602946547883,0.000589696093628,-0.000228717054558,0.000445931322783,0.000275764638265,0.000493607531605
211,0.000370657407266,0.000588788322344,-0.0003614468999,0.000293087478405,-0.00028755953316,0.000367521279123,0.000710744952243,0.000653649922204,-0.000351568041959,0.000471047191879,0.00033476768819,0.000436963338646
212,-0.000167623865297,0.000676326185774,-0.000400122336945,0.000493518540409,-0.00014191477133,0.000408180713375,0.000445762896503,0.000853154645727,0.000527940780686,0.000625193855113,0.000399537542071,0.000584748720201
213,-0.000312185763073,0.000680337264306,0.000199338210746,0.000486237491277,5.70956666384e-05,0.000458024629987,0.000294468845323,0.00115552912958,-0.000560249210556,0.000634777563606,-0.000153606501572,0.000648188805961
214,0.00101605517524,0.000550534812479,0.000165245334653,0.000346042056232,0.000120128946191,0.000447886273217,0.00114616811307,0.000834681370584,0.000461929233586,0.000472390842229,0.000790917221482,0.000552219378518
215,0.000574979245792,0.000681541962742,0.000334893591954,0.000558670367651,0.000131174663655,0.000448056216025,-1.5216840388e-05,0.000488798765079,0.000596528404976,0.000591226588636,0.000520178192806,0.000589359173197
216,0.00120750861809,0.000735933047595,0.000940814763545,0.000441520267592,0.000839877582711,0.000448058271577,0.00265077072587,0.000837965441413,0.000367495922274,0.000577584794996,0.00109575158443,0.000641677344952
217,0.00351344126692,0.000751536133869,0.00270976333616,0.000594364288765,0.00267076053525,0.000542605227818,0.0044098982813,0.000985139949245,0.00212433989294,0.000624060828026,0.00231787410166,0.000628413597624
218,0.00257244267616,0.000839022553291,0.00206693086707,0.000563499892016,0.00193879560578,0.000555351577546,0.00239303897597,0.000880487324767,0.00204291489844,0.000748111486492,0.00192925636867,0.000760995608385
219,0.000373703387578,0.000591343272593,0.00071681035012,0.0004251988077,0.000583241600964,0.000448942118005,0.000436865223416,0.000812849774949,-0.000119350944411,0.000499666282085,0.000132314411967,0.000514072680307
220,-0.000333878195385,0.00068425612591,-0.000365829716334,0.000589538341917,-0.000569422306539,0.000570900143288,-0.000687099421124,0.00101761784721,-0.000720216123391,0.000656306705649,-0.00116794326007,0.000684569991796
221,-0.00208647076827,0.000544941912322,-0.00149149824586,0.000489779501928,-0.00168511617595,0.000445504635205,-0.0024122471753,0.000817191249192,-0.00117746741045,0.000562081253134,-0.00130880972386,0.000503897019202
222,-0.00240199368251,0.000880224932922,-0.000703089472865,0.000468043506804,-0.000421205806942,0.000412865318207,-0.00187963211647,0.000859402015212,-0.00132170032217,0.000628893827588,-0.000696218964334,0.00056395883798
223,-0.00103913708283,0.000745801968996,-0.000911604129691,0.000318398203059,-0.000298129903983,0.000308617373994,-0.000716842171823,0.000748223259481,-0.000764564562436,0.000532844332161,-0.000459093987173,0.000565626288526
224,-0.00133432410882,0.00070621056197,-0.000982605937118,0.000367961968184,-0.000884252340653,0.000354446271849,-0.00137926612659,0.000697122060664,-0.000908380873678,0.000427716416227,-0.000955252703467,0.000420857009118
225,-0.001670480089,0.000780924133329,-0.000761343548318,0.000574107082159,-0.000660743189388,0.000464618400811,-0.00206067846076,0.000781127737136,-0.00136274876039,0.000503295860172,-0.00116057564434,0.000555704816947
226,-0.000753603561482,0.000589393033088,-0.000798591194677,0.000450145386815,-0.000507808046072,0.00053621539521,-0.000735818211567,0.000806089480098,-0.00045464932429,0.000555645681375,-0.000838852028132,0.000456921841116
227,-7.33459438622e-05,0.000549282220691,-0.00146159279499,0.000392766243495,-0.000967983637665,0.000428710698073,-0.000559430781582,0.000724534188927,-0.00036684436736,0.000528549336529,-0.000222686742245,0.000538211939544
228,-0.00119763522243,0.000634243744906,-0.000779271569024,0.000451336813502,-0.000504266855792,0.000371157778784,-0.00090082490299,0.000721682706328,-0.00040052206829,0.000472068151416,-0.000249786581836,0.000397750540824
229,-0.00109216601077,0.000555956841658,-0.000954498224022,0.000489405348736,-0.000479672749885,0.000372578389774,-0.000477945284865,0.000686924130514,0.000479595179812,0.00052108504954,0.000426598880576,0.000562046443349
230,-0.000930347781896,0.000622025634382,-0.000910475974656,0.000402561002878,-0.00090862681058,0.000395856357889,-1.05175096716e-05,0.000567571950682,0.000243799910415,0.000476755722694,-0.000322443888192,0.000530247968829
231,-0.000678195240826,0.00078830175982,-0.00068710766237,0.000495699156153,-0.000506770735249,0.000494420321541,6.49435618689e-05,0.000931283066555,0.000271753947401,0.000641676431541,4.38044056247e-05,0.000574470387633
232,-0.000996482759849,0.000735396240167,-0.000150957891031,0.000566120644623,0.00011414717295,0.00058849505927,-0.000448162795029,0.000755631344262,-0.000401400415518,0.00078019757094,3.58814130877e-05,0.000636240850226
233,-0.000516299840048,0.000730935889394,-3.84861555126e-05,0.000791236953143,-0.000286651024934,0.000633865039897,-0.0011090585423,0.000853010894353,0.000339460566146,0.000618499040887,-0.000221655346254,0.000671804811812
234,-0.000503020674236,0.000708815798098,-0.000201410105655,0.000428895057374,-0.000288076392491,0.000488560020031,0.000225745626186,0.000984055022566,8.52380323422e-05,0.000522626983437,3.1184534302e-05,0.000554478484133
235,-0.000256104351262,0.000841150247215,-0.000500390347387,0.000543388424228,-0.000483779633727,0.000600084167402,0.000867267388074,0.000886391803108,-0.00020844072057,0.000639376132819,0.000337485944163,0.000670293696617
236,0.00017167988992,0.000761976021193,-0.000215596272502,0.000557852813364,-0.000385268870519,0.000592997491892,0.000725208036597,0.000698402243428,0.000555707712628,0.000509839128156,0.000331517504077,0.000546174026667
237,0.00278473303531,0.00114873157974,0.00249287173201,0.000646922620234,0.00207612672419,0.00071379332869,0.00313449724092,0.00115425896675,0.00139629255374,0.00063207533746,0.00185099388224,0.000763829935383
238,0.00309413577188,0.00099618637414,0.00246955434841,0.000756384205007,0.00276000138046,0.000662422961919,0.00383277545677,0.00124564702166,0.00159872377869,0.000713068692209,0.00203153272092,0.000787390726185
239,0.000885647173189,0.000613935244031,0.00114502464422,0.000400761905418,0.00111798589205,0.000528023335409,0.00154706049737,0.000906799495693,0.000293091512476,0.000671787654295,0.000292031963403,0.000650966701433
240,-2.50822690979e-05,0.000731387419824,-7.39952602884e-05,0.000552662615135,-0.000688363571523,0.000559801629684,-0.000907887107435,0.000855015409811,-0.000646899770975,0.000504827649698,-0.00113586776134,0.000581332110685
241,-0.000912939435333,0.000691179670805,-0.000964914592495,0.000505662652028,-0.00115373910391,0.000463090855394,-0.00189996680781,0.000842449952163,-0.00119858148195,0.000576369603116,-0.00161996880454,0.000489529128906
242,-0.00220081848782,0.000661929979238,-0.00162653640823,0.000449744986618,-0.00127861300656,0.000517266259008,-0.00316818980747,0.0010786167379,-0.00207132271876,0.000684228499864,-0.00187982666636,0.000676697674082
243,-0.00192077820147,0.000571107384707,-0.0018505542048,0.000544958878619,-0.00162070006064,0.000457966507439,-0.00302464444617,0.00116910763177,-0.00189101459916,0.00064287878878,-0.00198357495502,0.000697553242989
244,-0.00126555698946,0.000716128700308,-0.000884631869896,0.000404147787674,-0.000538381853045,0.000497552021213,-0.00220367284262,0.000877289710057,9.36442311074e-05,0.000540448161224,-0.00030103157516,0.000523180062907
245,-0.00156818511031,0.000627187377622,-0.000973952230756,0.00050009150074,-7.30008975651e-05,0.0003966134921,-0.00143920060087,0.000902393816708,4.53763459006e-05,0.000497730973146,3.48810251291e-05,0.000514617457121
246,-0.000956939285722,0.000531202542492,-0.000433465125124,0.000429693444613,-0.000175890732159,0.000454089807336,-0.00124637838915,0.00083534497176,-0.000806909183515,0.000652986062004,-0.00058236765623,0.000611585942465
247,-0.000231615273341,0.000735924825292,-0.00018488079534,0.000443041752364,-0.000115243114406,0.000489029650401,-0.00051587431182,0.00100360437599,-0.000585111031502,0.00057347465319,-0.000706162419399,0.00077412976495
248,0.000840513791878,0.000619995343948,5.22609064861e-05,0.000392230123616,-5.65123326782e-05,0.000457152352243,0.000470425916431,0.000814063160468,-0.000184132975672,0.000549937551252,0.000687982732905,0.000471686708115
249,0.000390504037044,0.000763703017131,0.000362162418725,0.000533316145187,0.00026358823978,0.00049434344683,0.000664363255727,0.00093075851887,0.000229189803466,0.000554022378302,0.00053283093921,0.000601582747885
250,-0.000408847400964,0.000815790508188,0.000119822264956,0.000584536583098,0.000194114888809,0.00055843471388,-0.000328826683623,0.000769463363689,0.000105662299478,0.000635320290332,0.000258918967462,0.000546629415488
251,0.000235601816754,0.000628375484728,-4.0984854551e-05,0.000365783903892,0.000130885379242,0.000370752405962,0.000136098782204,0.000720339562867,-0.000117707385705,0.000470999439524,0.000261385129074,0.000459341876616
252,0.000580265063179,0.000603753709658,0.000507556403295,0.000650209810177,0.000229879510813,0.000473348483261,0.00110732229159,0.000741332126132,-0.000198043602592,0.000833681749723,-6.23325771949e-05,0.000604255704013
253,-0.000193981622757,0.000655459212935,0.000132232837017,0.000557755306258,0.000185951251354,0.00047720105645,0.000912214968691,0.000639810237333,-0.000436392103701,0.000690813094754,-0.00021846112,0.000533013257955
254,0.000742028487687,0.000653822284297,0.000112817564945,0.000401855584165,0.000499495475672,0.000425929432162,0.000842028993448,0.000683022846746,0.000248002405969,0.00059191118781,0.000295467051899,0.000474391922405
255,-0.000268119465881,0.000763435919457,-0.000730340719667,0.000344354179002,-0.000394364508253,0.000402794976136,0.000773175900996,0.000698308928067,-7.5301219858e-06,0.000479342745571,-2.41036734597e-05,0.000512252116992
256,-0.000941974703603,0.000861022300809,-0.000654859148514,0.000407587120475,-0.000201095320143,0.000426957231328,-0.000991000038449,0.000849250978063,0.000128653639042,0.000488865883583,-0.000428564907066,0.000470468635453
257,-0.000129870718973,0.000509948349667,-0.000316541384289,0.00045562792656,-5.14122205023e-05,0.00044444204326,-0.000269667018869,0.000542583578493,8.9971111819e-05,0.000536986940147,0.000630909069665,0.000548469444237
258,-3.60778175572e-05,0.000647865446087,6.90705578208e-05,0.000366726359037,-0.000130561671222,0.000404078325139,-4.20534027827e-05,0.000798186900874,0.000458141643484,0.000464787125537,0.000631761148941,0.000471436162529
259,0.00103926979628,0.000867506867599,0.000997942061225,0.000400440621924,0.000818090098026,0.000376606811457,0.000811066162556,0.0009409590367,0.00189376506453,0.00053188357216,0.00128583155267,0.000546976582169
260,0.00328757525316,0.000874892662527,0.00247571223913,0.000560208247044,0.00257959530246,0.000516713300997,0.00335674908374,0.000982650638829,0.00227758637599,0.000616566568212,0.00234735725706,0.000626465383888
261,0.00189190750008,0.000779102922364,0.00182062162225,0.000627718322577,0.00159738113428,0.000574830629247,0.00209778638431,0.000925506736378,0.00116863875503,0.000679450596052,0.000754135212873,0.000698149998025
262,7.43207484032e-05,0.000666936438074,0.000486753491436,0.0004438243336,-0.000146006581955,0.00050669479559,-0.000611802197559,0.000821136219131,0.000454218887748,0.000640143071645,-0.000377848743655,0.000664418235191
263,-0.00134623911063,0.00059543786483,-0.00161658620525,0.000372017269091,-0.00164608850294,0.000434629564928,-0.00177714400258,0.000658077183161,-0.00089543766586,0.000636354585778,-0.001471968002,0.000589527086471
264,-5.64618903835e-05,0.000669915075736,-0.000860300682926,0.000376369451698,-0.000314833606258,0.000427506436535,0.000100007594536,0.000833997910485,-0.000495143189591,0.000397421836852,3.69421830939e-05,0.000537502219573
265,0.000709893582373,0.000791623887339,0.000569871261854,0.000492148355026,0.000811974429527,0.000457720275629,0.00101859250492,0.000823335866815,0.000925323033673,0.000545273555974,0.00137901769078,0.000649897721682
266,0.00021925651786,0.000594745552025,8.39346462432e-05,0.000481899546327,9.64081922136e-05,0.000464261697001,0.000502030129685,0.000872818284905,0.00074179579048,0.000516442740371,0.000471523033009,0.000549739983031
267,-0.000126935472467,0.000772539405784,-0.000134077956289,0.00040843637665,5.47010622163e-05,0.00036997927306,0.00107124617207,0.000962789749349,0.000375609101747,0.00064552299513,0.000224872464002,0.000760133764744
268,-0.00079302008781,0.000619251931769,-0.000235201900529,0.000483640070737,4.77438696616e-05,0.000431672750608,0.000100232054993,0.000753483586543,0.000631341963127,0.00059473567859,0.00111981720016,0.000559109030021
269,-0.000884565752409,0.000937570318372,8.60511983824e-05,0.000536170917679,-0.000304108124219,0.00045147031878,-0.000452455495589,0.0011841029727,0.000465335300632,0.000630809042494,0.000797676949539,0.000598938115741
270,0.000871925064001,0.000833392535072,0.000425301543369,0.000571340446267,0.00028365077959,0.000533613650433,0.000346804300878,0.000860291146191,0.00118945500709,0.000547643867714,0.00139048252075,0.000613537671449
271,0.000276010891239,0.000539064980306,5.30398781093e-05,0.000500993843642,0.000167171655926,0.000435166078658,-0.000149780668063,0.000851431230162,0.00126685845823,0.000391363750032,0.000833796728942,0.000556764643742
272,0.000566201780242,0.000726182536265,0.000325729773032,0.000522979590188,0.000175426382357,0.000519223915488,0.000129632342507,0.000617397077882,0.000392939178844,0.000563678820189,0.000717241257597,0.000492824761665
273,0.000902431790418,0.000695183269644,0.0010254527085,0.000509852889585,0.000703525481797,0.000438037004842,0.000562293748859,0.000723535603435,1.42705010761e-05,0.000511922835772,0.000279187305336,0.000541784345706
274,-0.00017169936761,0.000819033656149,0.000515723242711,0.000428358050037,0.000278468139703,0.00041077241658,-0.00155761642902,0.000817195624787,-0.000632690740098,0.000654583129741,0.00010170321462,0.000608831190783
275,0.00081118673158,0.000795569289185,0.000348094571906,0.000468926235344,0.000781746100017,0.000496035543099,-0.000225377648289,0.000919569427639,0.000566087242089,0.000717588665209,0.00137743763841,0.00084549875051
276,0.000412213423742,0.00083954095656,0.00055427718768,0.000581140480803,0.000413381957926,0.000553467695397,0.000257453051952,0.000931111617642,0.000704991413377,0.000953641548179,0.000524363730063,0.00101429954597
277,0.000510181642454,0.000703353408918,-0.000509540505795,0.000528167641345,-0.000645822365818,0.000639322507529,0.000286478035938,0.000779675549338,9.35730591277e-05,0.000620948934236,0.000294238214686,0.000665303673563
278,0.000302325293723,0.000859460124228,-0.000394315605796,0.000586325070231,-0.000416740384591,0.000707795488114,-0.000224190014799,0.00102584906144,-0.000546575974816,0.000686549752005,-0.000438040602157,0.000744010187142
279,0.000444819464033,0.000795471954945,0.000331652671919,0.000602330586564,-0.00019911407581,0.000539859830373,-0.000720097037556,0.00103694751021,-0.000851332331913,0.00069506738833,-0.000898530935357,0.000672191113294
280,0.00239976009684,0.000872826191569,0.00196164640696,0.000725693669638,0.00163890652465,0.000695983473847,0.00333310271435,0.00123229353058,0.00133459235796,0.00085934427478,0.00178328560495,0.000908327583386
281,0.00192152684887,0.00093225721627,0.00136107856416,0.000612648658586,0.000842031512983,0.000538113017202,0.00168963642265,0.00108510065781,0.00205842505441,0.000852774322006,0.00159386867918,0.000911413152205
282,0.000647769827159,0.000948701168142,0.000584960669626,0.000673680879872,8.87365750465e-05,0.000559508963133,0.000560531469442,0.000894803754621,-0.000920916312512,0.000655535111159,-0.000601571996288,0.000652674918254
283,-0.000781017109146,0.000760750837545,-0.000388247199836,0.000636707955104,-0.000646018245048,0.000576652946597,-0.00137869663824,0.00104270514332,-0.000539847431859,0.000748221368323,-0.0012503616754,0.000619672986954
284,-0.00152986394052,0.000931409588003,-0.000890117983877,0.000543195310926,-0.0011905207538,0.000590181435026,-0.0019931959206,0.000885849782519,-0.000640146354769,0.000555514008513,-0.00147493063354,0.000558322974744
285,-0.00207454596964,0.000809643202025,-0.00128970196655,0.00040718528729,-0.00107167798877,0.000445499343067,-0.00289664614,0.00111645211074,-0.00118802337294,0.000655204414923,-0.00149374545295,0.000741524695323
286,-0.00105819206334,0.000492488333163,-0.00107310913583,0.000546424287305,-0.00100308382947,0.000626340418932,-0.000991867258222,0.000563948296487,-0.0013852099443,0.000674794428032,-0.0012741436767,0.000610506544167
287,-0.0012402289963,0.000840551539084,-0.00139015772656,0.000535690719263,-0.00103324484701,0.000469151196865,-0.00168237820817,0.00109384431996,-0.000795651268572,0.000638429576297,-0.00112776231418,0.000704398120481
288,-0.000754968551917,0.000771879137966,-0.000820492223969,0.000677773583533,-0.000679260245592,0.000630213075632,-0.00122669481675,0.00112734337392,-0.00116598965751,0.000791722287546,-0.00115271111696,0.000792145006305
289,-0.00051540055275,0.000694234416419,-0.000341219190355,0.000611651258397,-0.000203435048599,0.000536522813844,-0.000456424129941,0.000943971137781,0.000252496056334,0.000670248474033,-0.000151659516442,0.000607363102549
290,-0.000186455348749,0.000764461628418,-0.000450804598003,0.000501433756545,-6.94621639957e-05,0.000451945554062,-0.000344110891605,0.000834767224274,0.000479203113822,0.000564342214165,0.000450505548471,0.000557037901053
291,-2.0905241533e-05,0.000856244121915,-0.000340012014325,0.000628094406919,-0.000181034770876,0.000559738227415,0.000815932464272,0.00106857078846,0.000126844788979,0.000554763424425,0.000178058784844,0.000641415624671
292,-0.000220351952609,0.00070458689553,-0.000727055068393,0.000508813990651,-0.000199779186253,0.0005230724808,-0.00060190348485,0.00090438431809,-6.95991171824e-05,0.000730867124108,-0.000201471315004,0.000593720842509
293,-0.000212039622088,0.00065077500997,9.76473416258e-06,0.000554933961457,0.000168410909848,0.000559519793724,-0.000140400261262,0.000619900324274,0.000307129360616,0.000537696809338,-3.41561002664e-05,0.000622072093017
294,0.000736766777621,0.000573109118035,-0.000142379060078,0.000429864980975,-0.000412794623907,0.000416909834495,0.000405590388329,0.000610707243451,-0.000417113350331,0.000333179249479,-0.00037203078977,0.000391533205855
295,9.57938355619e-05,0.000743847355501,-0.000769161466512,0.000467201653998,-0.000421241866909,0.000525160505474,-0.000740816663404,0.00072451505195,0.000222893620942,0.00062097100962,-0.000614462178842,0.000613180474918
296,-0.000208290634042,0.000599106017909,-0.000118150201505,0.000512614909058,-0.000327854836237,0.000447333510895,-0.00010625874144,0.000707504376649,-0.000109686117011,0.000633235617714,-0.000719381867336,0.000608688265917
297,0.000709613221594,0.000837829689552,-0.00013781110078,0.000593105360575,-0.00015437217027,0.000704512877716,0.000507245737421,0.00106653204247,0.000704492041981,0.000743612194515,0.000260972796045,0.000965846149177
298,0.000370564161375,0.000659345597214,0.000369313610194,0.00054127558691,0.000403031330218,0.000486921898837,0.000356714942278,0.000871359092258,0.00066909117114,0.000730990402922,0.000228157939809,0.000684427862677
299,9.18564689364e-05,0.000808917950224,-0.000587610611694,0.000536911592145,-0.000294637831684,0.000642667570422,0.00033460547847,0.001038727912,-8.31248733304e-05,0.000674261466762,-7.66152404789e-05,0.000672490611029
300,0.00106144613035,0.000805513201216,-0.000600797145858,0.000654266402063,-0.0004723506264,0.000590361982154,0.00152722161882,0.00142635686706,-0.000634369577516,0.000703309742902,3.47198207293e-05,0.000673869068855
301,0.00253002940803,0.000905760467383,0.00227901228533,0.000596082850851,0.00193047695194,0.00054937342582,0.00268722526849,0.000983085826827,0.00153083483239,0.000605355773347,0.0017993917632,0.000712350510983
302,0.00396959663381,0.000905076787574,0.00281446531008,0.000529097857079,0.00262761736762,0.000530890846224,0.00369506353543,0.0010398001435,0.00237594040547,0.000692904718819,0.00250140358378,0.00066574684152
303,0.00230007108187,0.000847250955099,0.00163397228893,0.00058971360259,0.00190963095741,0.000518257386486,0.00234536388319,0.000892258597032,0.00153395913671,0.000446313846279,0.000868395741651,0.000470471878706
304,-0.000319852574607,0.000595603009477,0.000230031750422,0.000442474826966,-1.66854884047e-05,0.000504905211148,0.000700699096991,0.000968178242305,-0.000276058275699,0.000542970136082,-0.000821029443023,0.000657801840883
305,-0.0015735833306,0.000669794027922,-0.00145081869249,0.000472737242652,-0.00150428471348,0.0005460805639,-0.000657428837991,0.000680032164868,-0.000690186497197,0.00072413037197,-0.00108418877959,0.000581829699921
306,-0.000308138268035,0.000765538320975,-0.000572978133428,0.000675386331318,-0.000547986307438,0.000630154528656,-0.000405253519808,0.00105839925101,-0.000476503391123,0.000579227418321,-0.000323853533473,0.000710270945015
307,-0.00121119823045,0.000576602650261,-0.00135677313601,0.000566579381119,-0.000556490224487,0.000414839493207,-0.00151284244742,0.0008489369251,-0.000418135073902,0.000579217158944,-0.000277060157781,0.000494401305965
308,-0.00213675604681,0.000904522445336,-0.00082579166629,0.000407733582729,-0.000317482061088,0.000323640039143,-0.00120231228479,0.000915206577678,-0.000388809944013,0.000663700695522,-0.000619426823922,0.000592458139346
309,0.000121461719735,0.000715749565925,0.000370808415609,0.000477169052829,0.000577052721942,0.000444174756509,4.76922268652e-05,0.000735644367724,0.000277781077508,0.00044595195334,0.000601402683833,0.000543165689309
310,-0.000667835777722,0.000584204363732,-0.000358154804694,0.000423578612545,4.08192999696e-05,0.000455263794928,-0.000350988961522,0.000718968548157,0.000279017456007,0.000520475972194,0.000381274962864,0.00057331121962
311,-0.001245391019,0.000645780840482,-0.000265548046859,0.000419049317812,-3.34597670723e-05,0.000378344707289,-0.00132052750584,0.000749418559806,-0.00101604830451,0.000422185914308,-0.000244467489456,0.000533532507619
312,-0.00162746010544,0.000725490470253,-0.000174782841163,0.000369308949343,-0.000153962719593,0.0004100125912,-0.00116783209442,0.000943225391254,-0.000701190579919,0.000693953903003,-0.000766630217891,0.000642627710131
313,-0.00188268467558,0.000714394358048,-0.00051247847887,0.000621310268592,-0.000787963431906,0.000601266946067,-0.0016323284596,0.000860149980536,-0.000227078004377,0.000678426169478,-0.000710561145753,0.000717877518199
314,-0.00146290900588,0.000989976519458,-0.000999682689006,0.000530096973285,-0.00114404841697,0.000460281542258,-0.000891883889538,0.000954994383284,-0.000433287163051,0.000698432541205,-0.000825561659576,0.000803142780505
315,-0.0007323781189,0.000948104713139,-0.000183215408784,0.000472130111735,8.64960194411e-06,0.000416049017765,-0.000976863888097,0.0010729626882,-2.1812717272e-05,0.000603033239718,0.000126901741965,0.000731653888493
316,-0.000545290413117,0.000701863211783,9.65771139678e-06,0.000721032113082,0.000207109894717,0.000564784269636,0.000674893446099,0.00108724147314,0.000120087318129,0.000878809817809,0.000490330456002,0.000582319675154
317,-0.0020973717739,0.00136825759184,-0.00169839378661,0.00119372630247,-0.00108024827464,0.00091095865683,-0.00119847045523,0.00108805402208,-0.00131043995447,0.00165882980385,-0.00122364744443,0.00105812055193
318,-0.00057246923888,0.000625385338947,0.000204787543531,0.000507993816814,5.28236342433e-05,0.000610050455245,-0.000270724538012,0.000695298803831,-0.00161690309772,0.000740333636025,-0.00136714168353,0.000585240636571
319,-0.00054646995889,0.000951345088895,-0.000173666207563,0.000569374543595,0.000278095070134,0.0005985581479,0.000781683935187,0.000802532534871,-0.000547014088088,0.000686562280057,-0.000408251842041,0.000657993121811
320,-0.000928470789741,0.00143222196354,0.000201419038783,0.000547856513442,-0.000117906229727,0.000619633194832,7.78991875262e-05,0.00119281189005,-0.000556890200823,0.000751449360675,-0.000680859706492,0.000912479797211
321,7.95353412662e-05,0.000619144395538,0.000430503131487,0.000451360698448,0.000872357500676,0.000452819606951,0.000466429407554,0.000873206484328,0.000557915544435,0.000666940315324,0.000561933377371,0.000661473089273
322,0.000992826229286,0.000732022516394,0.000320459368924,0.000594581784608,0.00115236071662,0.000704977023424,0.00103682575299,0.000785271008309,0.000277265092235,0.000749939405464,0.00113276257125,0.0010054952559
323,0.00217399833083,0.000789040603468,0.00135042436513,0.000499900030147,0.00128184010902,0.000513073014442,0.00259817713512,0.00106195398442,0.000746086209729,0.000744634221545,0.00120343270471,0.000871559315861
324,0.00357983364921,0.000910383286144,0.00311703297,0.000560250458753,0.00241419102824,0.000566369571232,0.00326022144173,0.00121952533515,0.00131228602825,0.000759938713421,0.00177976810622,0.000787496617053
325,0.00269547231382,0.000680439409419,0.0018358760099,0.00047559844358,0.00175394886574,0.000625432239098,0.00276096587693,0.00101644241165,0.000746207578565,0.000717670994285,0.00121192804913,0.000653047693753
326,0.00026189317322,0.000774978489609,0.000980780338192,0.000502443712662,0.00065510954081,0.000441982678411,0.000703426113438,0.000785629467836,0.000437629298102,0.000684530735252,0.000383259865042,0.000729187070722
327,-0.000458285644546,0.000653215950572,0.000833000337561,0.000395233803272,0.000261357763075,0.000378681305657,0.000589084892083,0.00069892465706,0.00042208653887,0.00063092389909,-4.57381309335e-05,0.000623537764158
328,-0.000718048657786,0.000983833497578,-0.000720242427713,0.000477610494025,-0.000668797388471,0.00053162206425,-0.000312711469551,0.0012287792115,-0.00132239534708,0.000844517107786,-0.00102510482293,0.000812742603008
329,-0.000264028574377,0.000810215507864,-0.000325705852538,0.000483859194484,-0.000536604066766,0.000523669946013,0.00015172621352,0.000972345903454,-0.00165357888631,0.000442297897969,-0.00129389356534,0.000539933909111
330,-0.00128199119276,0.000938256748181,-0.000597068384136,0.000584978347762,-0.000957455335704,0.000580214141403,-0.00142531050855,0.000954361569768,-0.00116460084777,0.000632506465377,-0.00099299442444,0.000746892809226
331,-0.00107319599295,0.00117830873348,-0.00113036119117,0.00064540771408,-0.000911954382734,0.000563463197977,-0.00137180358027,0.00154156127127,-0.000425436569211,0.000644526169287,-0.000892548469857,0.00056982327128
332,-0.000823396096925,0.000903951863738,-0.000457581650665,0.00057709894093,2.23491130271e-05,0.000597772482626,-0.000479660814616,0.000874567649147,-0.000759291062875,0.000569313369545,-0.000190279070789,0.000707449376783
333,-0.000769630141024,0.000784755023188,-0.000635190043482,0.000557061978224,-0.000407650175012,0.000531264607541,-0.000758477453688,0.00100406697803,-0.000420452113415,0.000578327462187,-0.00019368474645,0.000705341831771
334,0.000619676716449,0.000856451618162,-0.000607643872316,0.000553393172475,0.000151581484826,0.00046150174108,-7.17838373501e-05,0.000912063579758,7.22529147845e-05,0.000625522714102,0.000219637096646,0.000501950257892
335,0.000673511213512,0.00084514908006,-0.000431060478011,0.000500922898466,0.000110035727185,0.000477200110355,0.000125632675571,0.000902183367711,-0.000520955358408,0.000580141989941,9.95222556967e-05,0.000554794730573
336,0.000760476565493,0.000737747702756,-0.000715165913645,0.000453794945793,0.000144864194222,0.000464357132914,0.00098436099626,0.000860661843423,0.000237728349768,0.000657230858917,0.000161490272518,0.000532445364652
337,0.000417732759491,0.000788151795515,-0.000329620372901,0.000544385975889,0.000294698948422,0.000488638270491,0.000626189324927,0.000904686314298,0.00111904833403,0.000557348398473,0.0010303634048,0.000563495509439
338,-0.00097517345401,0.001270779388,-0.00109411631653,0.000833458586579,-0.000542858987941,0.000760065264958,-0.000404285962356,0.00106862582534,0.000598631432295,0.000709731120599,0.000292769295677,0.000897747136541
339,0.00025014744819,0.00083224912856,0.000540650456271,0.00038922300122,0.000690120084883,0.000426025723193,0.00127840969279,0.00110639982919,0.000646999611677,0.000526561901714,0.00123845060126,0.000593096351811
340,0.000219633130206,0.000957309512932,0.000664046011163,0.000424816737818,0.000121274909809,0.000463525951442,0.00100489202434,0.00124123820948,0.000319811385402,0.00056896094918,0.000743060307309,0.000576222515814
341,0.000756961452478,0.000729556824737,-0.000119639733091,0.000475556923522,-2.65656724576e-05,0.000391192313025,0.000589776437382,0.00080112374678,0.000597492564616,0.000543399999284,0.000835153982098,0.000507860545171
342,0.00118283572448,0.000711929434757,0.000414413977978,0.000428918408231,0.000433620285495,0.000418017448187,0.00182385035571,0.000865506570495,-0.000329792081502,0.000391953374929,0.000815353644307,0.000483593326052
343,0.00200949648955,0.000796223564271,0.00172218457341,0.000500045673146,0.00112252831804,0.000499845621391,0.00233533279202,0.000985133320866,0.000116998329596,0.000470224197005,0.000952151342287,0.000670539030631
344,0.00192795306981,0.000828772673699,0.00119551417846,0.000431540186442,0.000744456743511,0.000417474484098,0.0028908135168,0.00104142647273,0.00134941666966,0.000549637045948,0.0016606781618,0.000640329619642
345,0.00221342571403,0.000588147526385,0.0014271981048,0.000503598937523,0.00133069150212,0.000419306844531,0.00333781944209,0.000943367560668,0.00110430774107,0.000559453667138,0.0019809119741,0.000457915875535
346,0.00333817621813,0.000879937308993,0.00265592909072,0.000610442454409,0.00223510219647,0.000530717702052,0.00380289195001,0.000993963297884,0.00127826599163,0.000765137027929,0.00185180754408,0.000623484928141
347,0.00120901357155,0.00118981560314,0.00109313359482,0.000740781994905,0.00130696425765,0.000618459308818,0.000724628735241,0.00140296835995,-0.000209135690599,0.00100126187164,-1.79656118123e-05,0.00109963557536
348,0.00112802034335,0.000869458154706,0.00128992249404,0.000617284527547,0.000807057707556,0.000561040076848,0.00143377244901,0.000910924132017,0.000362816355297,0.000851991228077,0.000853050156213,0.000751907423619
349,0.00116585644114,0.000982917345968,0.00162513761102,0.000688671288101,0.000846450610735,0.000614512837248,0.00203357472674,0.00148711704075,-0.000524748004821,0.00102118584709,0.000121554462943,0.000990658425054
350,-0.000598137365397,0.000772821236163,-0.000341401215698,0.000519901184651,-0.000226631385556,0.000626186105717,-0.000734648230062,0.00146410526101,-0.000223154944031,0.000742009844304,-6.28233712619e-05,0.000798467163116
351,-0.00202131731643,0.00120845319214,-0.00145211829461,0.000701765304791,-0.00153846564576,0.000695373217555,-0.0024681270294,0.00133417685033,-0.00160389490389,0.000853207029236,-0.00180525267347,0.00112388945052
352,-0.00238210209149,0.000919551881391,-0.00167336828987,0.000534577745718,-0.00191321323945,0.00050330305846,-0.00197942398527,0.000814519952241,-0.0007588324896,0.000606517431288,-0.00114757561549,0.000553125873026
353,-0.00088689003299,0.000894114653769,-0.00160780465129,0.000554295143204,-0.00168376899628,0.000565049219834,-0.00186151053367,0.000905075635451,0.000274124095467,0.000618739769562,-0.000198480613949,0.00064287632884
354,-0.000868553830369,0.000914869829126,-0.000711450731336,0.000585715197827,-0.00118415834251,0.000648255631673,-0.00159137169338,0.00107399312239,-0.000584921331854,0.000606014944621,-0.000698707749418,0.000778344694841
355,8.43816830887e-05,0.00102990105937,-0.000752111694255,0.000724731301398,-0.000779621486461,0.000706483141497,9.37571330059e-05,0.00120631479691,0.000255384409774,0.000626682314881,-8.96012737842e-05,0.000912506271303
356,-0.00068729814201,0.00101312073665,-0.000886406477924,0.000577157380789,-0.000370401054794,0.000600930944132,-0.000673340569117,0.00103277732004,-1.42898831037e-05,0.000747745205959,-0.000181611831198,0.000806198384911
357,-0.00116549708705,0.00088857494738,-0.000417494320247,0.000663298369419,-0.000465977098536,0.000586614469349,-0.00103085641724,0.00130863657366,8.85646724317e-05,0.000570983074719,-0.000673416549484,0.000894545523812
358,-0.00240456801533,0.00141119692058,6.46063316424e-05,0.000635708582577,-0.000299501755173,0.000651327597282,-0.00226646301323,0.00158891242843,-0.000301638170579,0.000940557295186,-0.000761419488186,0.00117028526952
359,-0.00415138726125,0.00361308430742,-0.00129217326549,0.00163163652808,-0.0019819718223,0.00243930817404,-0.00365949954988,0.00283265435951,-0.0010934140545,0.00179792675226,-0.00187435076167,0.0020435287687
360,-0.00135947431387,0.00117998771765,-6.80574885569e-05,0.000554800981839,0.000291791784542,0.000586707692104,-0.00152014331199,0.000921239997308,0.00237423000481,0.0011351670665,0.00139964774361,0.00100663753865
361,-0.00054384068278,0.000749313780987,-0.000307195507989,0.00051704693105,-0.000512399063126,0.000591191144788,-0.00214904743212,0.000842986481552,0.000411791614417,0.000522176324332,0.000382401036782,0.000606193002678
362,-0.000808242387778,0.000794820261234,0.000499931939732,0.000602880640284,-5.94444670149e-05,0.00060648249284,-0.000641826765847,0.000916618067345,-8.4155612892e-05,0.000825552931698,-1.59695151003e-05,0.00100178211825
363,-0.0012904929468,0.00104206413641,-0.000930837544245,0.000520098050634,-0.00147942012962,0.000644785078806,-0.00227804953824,0.00149443651601,-0.000665358712,0.000567209861848,-0.00142108782283,0.000887684853835
364,-0.00121417186074,0.000792918763199,-0.00109566798218,0.000577709565786,-0.00119792332599,0.000581450605567,-0.00226342580441,0.00096431642079,-0.000995187432309,0.0004356396387,-0.00161969438674,0.000592053676662
365,-0.000647939331359,0.000664817187636,-0.00120164670193,0.000594733660718,-0.00106157406798,0.000487866988355,-0.000510829250554,0.000789787747257,-0.000788852691455,0.000548380548919,-0.000735032677063,0.000525580048502
366,-0.000690964472162,0.000816287297437,-0.000886085911805,0.000487939398961,-0.00091030927174,0.000530124212373,-0.00156040157846,0.00170605865914,-0.000745907378519,0.00054246836623,-0.00103398526496,0.00088657598117
367,-0.00267467294651,0.00416237323742,4.08614855951e-05,0.00218800120418,-0.00139572524664,0.00314258026879,-0.00731698555311,0.00817836420042,-0.000294550250927,0.00118620760058,-0.0022386264617,0.0035798923817
368,0.00286546787566,0.001554639589,0.00230344445301,0.000717359784436,0.00201328830202,0.000750277771985,0.00276780816078,0.0014405270076,0.00123885724538,0.00116354591782,0.00197055437792,0.000978075828089
369,0.00120865689203,0.000872286811648,0.000839931016494,0.00055647164638,0.000941075613421,0.000760582474109,0.00058328005202,0.000753217134568,0.00153635955603,0.000958231088278,0.000904912822402,0.000801966253151
370,-0.00043167964405,0.000855913755562,0.000562603458017,0.00063327772302,-1.74435780542e-05,0.000507599894676,-5.7511477376e-05,0.000958831209255,0.000519561286806,0.000792230152712,0.000132571161872,0.000652786723027
371,-6.12827895559e-05,0.000824148161085,-0.000116471187034,0.000462883647261,-0.000422867744959,0.000435378970009,-0.000207255014873,0.000838447688963,-0.000329246605213,0.000879459821692,0.000159730312495,0.000853327415641
372,0.000695017763512,0.00093563197186,-0.000593399654041,0.000911551878284,-0.000479035681281,0.00054917545521,0.00081971995877,0.0012105641347,-0.00119083855771,0.000822311867392,8.00653630261e-05,0.000784962310213
373,-0.000487605571527,0.000593766172284,-0.00142517752518,0.000762623547158,-0.000649839714573,0.000574631057046,-0.000800218643765,0.000790720263565,-0.00107879965089,0.000601217388309,-0.000604286633783,0.000461865105867
374,-0.00133735645089,0.000780955838386,-0.00108206246187,0.00063237583815,-0.000853412353341,0.000536457791574,-0.00168858479367,0.000858204477534,-0.000540174533085,0.0011920740054,-0.00132473752374,0.000859369787476
375,-0.000922347761756,0.000819950031846,0.000174405179523,0.00092572554834,-9.71839374576e-05,0.000677647035375,-0.00124358854884,0.00100713372384,0.000274480019485,0.0013914569425,-0.000401190946463,0.000828891874716
376,-0.000476012697653,0.000822385672654,-0.000362273377019,0.00055363451541,0.000196691997654,0.000737554349485,3.58459377176e-05,0.00130629977008,-0.000134464041679,0.000765620755493,-6.66074128585e-06,0.000781270419666
377,4.25885343856e-05,0.000936622190593,-0.00041392157231,0.000492369487693,-0.000535213126228,0.00049991625815,-0.000419246353395,0.00118803008881,0.000859730940415,0.000768245433942,0.000122918442138,0.000490173931292
378,8.89573476949e-05,0.00089199059477,0.000136119872187,0.000583713736357,5.99259040984e-05,0.000602452658563,0.000459359761457,0.000861800664398,0.0010429100976,0.000779673603674,-0.000125672234744,0.000663854311067
379,0.000303366498881,0.000694186331151,-0.000133167927498,0.000580740262795,-5.54312514375e-05,0.000547378614228,4.82808692558e-05,0.000684049293798,0.00074294718205,0.000572141253686,-0.000148296554176,0.000427966892578
380,-0.000258760639224,0.000807541693624,-0.000903414808143,0.000542694414536,-0.000795546123335,0.000459998336364,-0.000450124552974,0.00084613163886,-0.000137963484286,0.000602711827527,-0.000826757010297,0.000594310458958
381,-0.00100659291992,0.000803287649154,-0.000987191975661,0.00064500752015,-0.00113215509375,0.000653206045583,-0.000310264583691,0.000819862549667,-0.000313401352196,0.000461420956016,-0.000382209262456,0.000500053858138
382,-0.000172233622466,0.000755600247123,-4.61368989748e-05,0.000858714580848,2.12394138661e-05,0.000696544964898,-0.00219292255993,0.00118704315752,0.000400938726759,0.00108315026779,-0.000316563861024,0.000579924062895
383,0.00129898710087,0.000855459563893,0.000513791661192,0.000718138915529,0.00102901372962,0.000747205865153,0.000641430894164,0.000769405510653,0.000818389671793,0.00098275875719,8.27564018173e-05,0.000700985582527
384,0.000207116944654,0.00120209584338,0.000596554896869,0.000561286716513,0.000594831414052,0.000589666337934,-0.000492506201195,0.00119333284973,0.000192410250303,0.00107438880596,-0.000301104777135,0.000643827379408
385,-0.000430941032485,0.000917574474987,-0.00100817750675,0.000467285071214,-0.000668256421227,0.000610049850581,-0.000549097582489,0.000953201601156,-0.000559118865992,0.000833086393732,-0.000438975782998,0.000616685584196
386,-0.000707733082669,0.00085462159501,-0.000783428531712,0.000503109251964,-0.000205470349488,0.000537244057658,0.000228267721422,0.000817091677661,-0.000279321483828,0.000637541779244,-0.000457518787228,0.000586904119028
387,-0.000105498835921,0.00072663692484,3.79533858511e-05,0.000548278338619,0.000106055312093,0.00048484464577,0.00174893926623,0.000805258741485,-0.00011217498475,0.000892184402038,0.00036009351081,0.00060086056575
388,0.00100118614666,0.000711990140622,-0.0011135003226,0.000498688785259,-0.000666755803345,0.00044904652928,0.00138632931031,0.00072879462453,-0.000201027475886,0.000842119979828,-2.72799074101e-05,0.000492632227044
389,0.00253255856255,0.000732756719178,0.000116719550148,0.000764864002563,0.000183906146075,0.000582728072288,0.0029479804386,0.000981686841818,-0.000351061557696,0.000702300859123,0.000352872196807,0.000432897533251
390,0.00439313821718,0.000748628443173,0.00251575959594,0.000652503208084,0.00298904787935,0.000635587533932,0.00474836181116,0.00089534251552,0.00151504416182,0.000740496687759,0.00254057907895,0.000642852462136
391,0.00180150904019,0.00150385482021,0.00190097382376,0.00080041602682,0.00270792914707,0.000675931109204,0.0015211377877,0.00171417261418,0.0021563781867,0.000760632177197,0.00232642128236,0.000960722803868
392,-5.28298067881e-05,0.00102873742396,2.41662250311e-05,0.00104160916574,0.000528921182899,0.000689971403466,0.00103247372396,0.00095032358274,0.000435200311567,0.000820068963398,0.000330631975246,0.000915980493413
393,-0.00148790200458,0.000967579619355,-0.00056985627199,0.000368402463814,-0.000688896930993,0.000478666250134,-0.00119941156605,0.000890454768902,-0.00115404992994,0.0010287990655,-0.00136487085084,0.000769248702981
394,-0.000996624430053,0.000679185719362,0.000155035620788,0.000514476169946,-3.39955392531e-05,0.000569438741611,-0.00148749939131,0.000882036329742,0.000108444303907,0.000675611708334,-0.000240749764929,0.000521154736517
395,-0.00122042493823,0.00108348017489,0.000824374460857,0.000719097646412,0.000673927246225,0.000618323719876,-2.35796916411e-06,0.00115800210852,-6.56411526222e-05,0.000650759186287,0.000231710233527,0.000831840338824
396,-0.000894162175334,0.000888601557173,-0.000378448476889,0.00087874330277,0.000144939364071,0.000707162075407,-0.00151519013643,0.00115044548879,-0.000618546102855,0.000738362123495,-0.000456336933465,0.000628493643554
397,-0.000980841732505,0.00113414451058,-0.000296142292868,0.00103801580236,-0.000688861840605,0.000877453170364,-0.000926310184753,0.00150697322878,-9.67179247619e-06,0.000998949070671,-0.000491550669884,0.000887698445261
398,-0.00195881298399,0.00139574992658,-0.000197834429149,0.000846184125317,-0.000457661277864,0.000703487503193,-0.00204115586918,0.00149360642896,-0.00126593525919,0.000894749763117,-0.00124237501663,0.000838638459296
399,-0.00111630082893,0.00114770258732,3.55695496791e-05,0.00104875304104,-0.000301275597679,0.000847694010149,-0.000846805472471,0.00103749119624,-0.000775074475996,0.000628349110367,-0.000641641164124,0.000615327384088
400,-0.00220531751106,0.000987207642697,-0.00080607013223,0.000823637669708,-0.00106081765758,0.000708314074266,-0.00217261021664,0.00096778694824,-0.00117938162299,0.000680226875214,-0.00138044338284,0.000812693407515
401,-0.00240188450842,0.0010108647718,-0.000996190434273,0.000586344207614,-0.00139070151786,0.000654698841499,-0.00182503774026,0.001342391479,-0.00104639492106,0.000403871016257,-0.00167013558607,0.000718776663567
402,-0.000612104935704,0.00136422622672,-0.000247200983643,0.00082776334606,-0.000835980621491,0.000878326588523,-0.000864582532087,0.00145575146689,-0.000400158636373,0.000896492591092,-0.000187669358352,0.00107041462554
403,-0.000355631214763,0.00124915773015,0.000126587558393,0.00100405051617,-0.000116361361935,0.000984003806427,-0.000303563110431,0.00130858025337,-0.000107537343815,0.000806621987382,-7.5153877102e-05,0.000954372952499
404,-0.00186652622645,0.00147890536071,-0.00167152863717,0.00126413051817,-0.00106731471666,0.00100121539596,-0.00289379756391,0.00195456220172,-0.00104335767032,0.000987964583281,-0.00127284286166,0.00116345333751
405,-0.000960118481454,0.00108663352237,-0.00103788668612,0.000836305884665,-0.00072662719071,0.000778809502077,-0.000812686849007,0.001181900011,-0.000879127263507,0.000962277495846,-0.000441788005303,0.000997775868545
406,0.000373488994111,0.00112891216908,-3.04533883748e-05,0.00100223331407,-0.000219128927636,0.000903614147878,0.000231311940277,0.00114936177648,-0.000514004139772,0.000927578969641,0.000121890193684,0.00100108664631
407,0.00146183585192,0.00107039992405,0.000602181801865,0.000987322001011,0.000347964303153,0.0008251422994,0.000820462200554,0.000909621007814,0.000165936234365,0.000568707750024,0.00110672774332,0.000820228391384
408,0.00140783007178,0.000832237174432,0.000742295095478,0.000676952131744,0.000587797589252,0.000579073832322,0.00145476110425,0.000896664782227,0.000801624185512,0.000652353405179,0.000955209330312,0.000817613241654
409,0.0019603121967,0.000821855323871,0.000150946390094,0.000492823163998,0.000220042813451,0.000507088562264,0.00212981583431,0.000808900165285,0.000435283282124,0.000609220355901,0.00100533949963,0.000679561490752
410,0.00237631568631,0.000722030589065,0.000976154740804,0.000483733389604,0.00104115631301,0.00056175289723,0.00323194394284,0.000764152527202,0.00127818592873,0.000598600175866,0.00188180298856,0.000586657262655
411,0.004637653103,0.00100542100116,0.00284968179664,0.000577174117714,0.00267561604626,0.000682900189814,0.00528971261846,0.00112676828024,0.00169564307124,0.00088767485828,0.0031698440773,0.000808765121984
412,0.00503259864889,0.000984124331616,0.00281492860614,0.000645798108256,0.0025859327456,0.000597770824292,0.00444177219833,0.00116769385382,0.0019716972327,0.0009288114422,0.0028044259671,0.000941144011414
413,0.00137337815013,0.00123766651923,0.00100993456466,0.00062080112122,0.000839178361146,0.000535516227848,0.00223266024184,0.000760843446011,0.000978401574873,0.000768157200339,0.00125848261382,0.000604431980384
414,0.000544004028009,0.00100126071991,0.000538859257194,0.000527765338054,-0.000196476132166,0.00060712856959,0.000938863103895,0.000987593742807,-0.000871880019281,0.000715655176282,-0.000132894781385,0.0008376179169
415,-0.000282282004835,0.000864855844529,-0.000340668207382,0.000560720023293,-0.000675385725384,0.000535392835707,9.55757335516e-05,0.00105818200129,-0.000466393513487,0.000672149775776,-0.000360719819337,0.000583874106698
416,0.000522564888581,0.0006353884787,-0.000596287004641,0.000434816008125,-0.000585127499224,0.000466051144233,0.000532946155133,0.000796842196239,0.000115831547448,0.000536423187531,-2.91897653349e-08,0.000489668140584
417,0.000151360643399,0.000700310556166,0.000426937114429,0.000617689925474,0.000220469955557,0.00061331305405,-0.000166031690774,0.000712449173447,0.000694837020377,0.000652026503573,0.000607230095125,0.000598367963516
418,-0.00075035927828,0.000829008755982,-3.9164557473e-05,0.000599126759252,-0.000337117519253,0.000533050113753,-0.000786975330549,0.000940113256766,0.000359502254114,0.000615138947326,-8.26480219115e-05,0.000595027404086
419,-0.000859241994245,0.000539115309584,-0.000185179242236,0.000442640633929,-0.000272116763413,0.000460660027195,-0.000629926846848,0.000784820473663,9.6765910258e-05,0.000561742727379,0.000137733817235,0.000501404322805
420,-0.000227737352906,0.00063878119108,-0.000284051000156,0.000364223630122,4.62481721764e-05,0.000435303386753,-0.000791043850797,0.00078988720278,0.00034738169529,0.000604199067896,0.000507853008638,0.000576463190731
421,-3.31368262105e-05,0.000896464617909,-0.00033007085505,0.000548105443638,-6.69942263459e-05,0.000581666458866,-0.00114561418843,0.00120740106425,0.000529175483744,0.000710037995396,-6.0405947367e-05,0.000776533845314
422,-0.000381567319575,0.000593885833559,-0.000847062183639,0.000467292464869,-0.000727925531548,0.000449041791279,-3.98207937457e-06,0.000990669307009,-0.000962720414334,0.000542341988825,-0.00076504832451,0.000524547156418
423,-0.00187114515153,0.000859939509258,-0.00144146148968,0.000695767680931,-0.000748089224534,0.000419265303481,-0.00120707051443,0.000870575414686,-0.000472347755517,0.000556591247877,-0.00121198226371,0.000882962603481
424,-0.0017226273728,0.000889477365133,-0.00125095098053,0.00060490770511,-0.000824750940375,0.000541524421569,-0.00103195351089,0.000682691484196,0.000121021339445,0.000890673392267,-0.000948711079428,0.000915039086049
425,7.87723085949e-05,0.000715201576839,0.000125612707119,0.000555100727496,0.000284091733676,0.000559625261587,-0.000377348390957,0.000869554141291,-1.65703313986e-05,0.000637274393009,-0.000115778403991,0.000616447367066
426,-5.12440067032e-05,0.000463915940473,-0.000204664513916,0.000568736547693,0.000274532745833,0.000581776408428,-0.000352205186883,0.000777605987307,-0.000561868768436,0.00063248497943,-1.70243113136e-05,0.000648930237165
427,-0.000654518258047,0.000798889754427,-0.000375762122964,0.000461757539059,-3.28591454161e-05,0.000496656099861,-0.00175481374534,0.000930981302309,-0.000307284393889,0.000563831449707,-5.23507919323e-05,0.000588739827866
428,-0.00137197227734,0.000630333426374,-0.000466997945972,0.000511899830501,-0.000475749399249,0.000466387654086,-0.00200022590311,0.000802388574255,-0.00067062331977,0.000685513096409,-0.00113554792182,0.000594961800934
429,-0.000807241561669,0.000732578345946,0.000208680520072,0.000591704443689,2.83328301769e-05,0.000603810249807,-0.00139206248486,0.00078543012619,-0.000479006384016,0.000602389518256,-0.000651415283976,0.000510091954465
430,-0.000121457701658,0.000601002092089,-0.000694273181844,0.000411872745016,-0.000385155180879,0.000489621856852,-0.000404906479354,0.000603108722425,0.000463334100526,0.000556491963603,0.000411557906426,0.000603558944318
431,-0.000473311647232,0.00130477784774,0.000255517614222,0.000440244864161,-5.02878000642e-05,0.00053478127153,-0.000405061779967,0.00177941613491,8.82330669749e-06,0.00106911796104,-0.000344675676609,0.00129310768066
432,0.00149736411062,0.00129433437348,0.00164614811966,0.000721722433097,0.00127429942747,0.00065744659782,0.00122216224807,0.00185230380087,0.000459675689639,0.000853868328998,0.00052773440659,0.00104021412065
433,0.00130498945026,0.000891807305115,0.00108318956692,0.000496176108377,0.000734002042023,0.000389484891111,0.00111220523825,0.00111731818517,0.000600305323394,0.000519001600442,0.000512476983002,0.000610570567873
434,0.000361941841394,0.000823727394399,0.000267873812082,0.000437824372165,8.9101181363e-05,0.000446049167192,0.000777872116379,0.0011000175641,0.000999945656664,0.000722547764248,0.000475737946137,0.000775546731979
435,-0.000203663217988,0.000778176179003,-0.000264720912488,0.000451725455257,-0.000322397001794,0.000380954334321,0.000572843564158,0.00108537872838,-3.43118766296e-05,0.000521497805693,-0.000628634670106,0.000587202306779
436,-0.00124786068446,0.000795712400136,-0.000755600357561,0.00037265448706,-0.000600235523924,0.000302104108876,-0.00100283988302,0.00111708015394,-0.00103195448091,0.000730336341026,-0.00112492399671,0.00054915877149
437,-0.000762058291007,0.000831657542253,-0.000615487015417,0.000427037640876,-0.000471807865813,0.000478965191674,-0.000800286656003,0.000835258237592,-0.00122556319453,0.000560337731448,-0.000367370863794,0.00051369196569
